Protocollo;Gruppo;DataOraIncidente;Localizzazione1;STRADA1;Localizzazione2;STRADA2;Strada02;Chilometrica;DaSpecificare;NaturaIncidente;particolaritastrade;TipoStrada;FondoStradale;Pavimentazione;Segnaletica;CondizioneAtmosferica;Traffico;Visibilita;Illuminazione;NUM_FERITI;NUM_RISERVATA;NUM_MORTI;NUM_ILLESI;Longitudine;Latitudine;Confermato;Progressivo;TipoVeicolo;StatoVeicolo;TipoPersona;Sesso;Tipolesione;Deceduto;DecedutoDopo;CinturaCascoUtilizzato;Airbag
1881629;13;10/07/2011 12:30;Strada Urbana;VIALE DEI ROMAGNOLI;all'intersezione con;VIA FRANCESCO DONATI;VIA FRANCESCO DONATI;;;Investimento di pedone;Incrocio;Una carreggiata a doppio senso;Asciutto;Asfaltata;Verticale ed orizzontale;Sereno;Normale;Buona;Ore Diurne;0;0;1;1;;;-1;;;;Pedone;M;Deceduto durante prime cure;-1;;;
1881629;13;10/07/2011 12:30;Strada Urbana;VIALE DEI ROMAGNOLI;all'intersezione con;VIA FRANCESCO DONATI;VIA FRANCESCO DONATI;;;Investimento di pedone;Incrocio;Una carreggiata a doppio senso;Asciutto;Asfaltata;Verticale ed orizzontale;Sereno;Normale;Buona;Ore Diurne;0;0;1;1;;;-1;1;Autocarro inferiore 35 q.;In marcia / fermata / arresto;Conducente;M;Illeso;0;;Non accertato;Inesistente
1881630;5;10/07/2011 13:00;Regionale entro l'abitato;VIA TIBURTINA;in prossimità;;del civico n. ;1150;;Tamponamento;Rettilineo;Una carreggiata a doppio senso;Asciutto;Asfaltata;Orizzontale;Sereno;Scarso;Buona;Ore Diurne;0;0;0;2;;;-1;1;Motociclo a solo;In marcia / fermata / arresto;Conducente;M;Illeso;0;;Non accertato;Inesistente
1881630;5;10/07/2011 13:00;Regionale entro l'abitato;VIA TIBURTINA;in prossimità;;del civico n. ;1150;;Tamponamento;Rettilineo;Una carreggiata a doppio senso;Asciutto;Asfaltata;Orizzontale;Sereno;Scarso;Buona;Ore Diurne;0;0;0;2;;;-1;2;Autovettura privata;In marcia / fermata / arresto;Conducente;M;Illeso;0;;Non accertato;Inesistente
1881631;1;07/07/2011 09:00;Strada Urbana;LUNGOTEVERE TOR DI NONA;in prossimità;;del civico n. ;16;;Tamponamento;Rettilineo;Una carreggiata a senso unico di marcia;Asciutto;Asfaltata;Verticale ed orizzontale;Sereno;Intenso;Buona;Ore Diurne;2;0;0;1;;;-1;1;Motociclo con passeggero;In marcia / fermata / arresto;Conducente;M;Rimandato;0;NON DECEDUTO;Non accertato;Inesistente
1881631;1;07/07/2011 09:00;Strada Urbana;LUNGOTEVERE TOR DI NONA;in prossimità;;del civico n. ;16;;Tamponamento;Rettilineo;Una carreggiata a senso unico di marcia;Asciutto;Asfaltata;Verticale ed orizzontale;Sereno;Intenso;Buona;Ore Diurne;2;0;0;1;;;-1;1;Motociclo con passeggero;In marcia / fermata / arresto;Passeggero;F;Rimandato;0;NON DECEDUTO;Non accertato;Inesistente
1881631;1;07/07/2011 09:00;Strada Urbana;LUNGOTEVERE TOR DI NONA;in prossimità;;del civico n. ;16;;Tamponamento;Rettilineo;Una carreggiata a senso unico di marcia;Asciutto;Asfaltata;Verticale ed orizzontale;Sereno;Intenso;Buona;Ore Diurne;2;0;0;1;;;-1;2;Autovettura privata;In marcia / fermata / arresto;Conducente;F;Illeso;0;;Non accertato;Inesistente
1881632;7;10/07/2011 08:30;Provinciale entro l'abitato;VIA PRENESTINA;in prossimità;;del civico n. ;1049;;Investimento di pedone;Rettilineo;Una carreggiata a doppio senso;Asciutto;Asfaltata;Verticale ed orizzontale;Sereno;Normale;Buona;Ore Diurne;1;0;0;2;;;-1;;;;Pedone;M;Ricoverato;0;NON DECEDUTO;;
1881632;7;10/07/2011 08:30;Provinciale entro l'abitato;VIA PRENESTINA;in prossimità;;del civico n. ;1049;;Investimento di pedone;Rettilineo;Una carreggiata a doppio senso;Asciutto;Asfaltata;Verticale ed orizzontale;Sereno;Normale;Buona;Ore Diurne;1;0;0;2;;;-1;1;Autovettura privata;In marcia / fermata / arresto;Conducente;M;Illeso;0;;Non accertato;Inesistente
1881632;7;10/07/2011 08:30;Provinciale entro l'abitato;VIA PRENESTINA;in prossimità;;del civico n. ;1049;;Investimento di pedone;Rettilineo;Una carreggiata a doppio senso;Asciutto;Asfaltata;Verticale ed orizzontale;Sereno;Normale;Buona;Ore Diurne;1;0;0;2;;;-1;1;Autovettura privata;In marcia / fermata / arresto;Passeggero;F;Illeso;0;;Non accertato;Inesistente
1881633;5;10/07/2011 15:00;Strada Urbana;VIA DI PIETRALATA;all'intersezione con;VIA DELLA DEA OPI;VIA DELLA DEA OPI;;;Scontro frontale/laterale DX fra veicoli in marcia;Incrocio;Una carreggiata a doppio senso;Asciutto;Asfaltata;Verticale ed orizzontale;Sereno;Scarso;Buona;Ore Diurne;0;0;0;3;;;-1;1;Autovettura privata;In marcia / fermata / arresto;Conducente;M;Illeso;0;;Non accertato;Inesistente
1881633;5;10/07/2011 15:00;Strada Urbana;VIA DI PIETRALATA;all'intersezione con;VIA DELLA DEA OPI;VIA DELLA DEA OPI;;;Scontro frontale/laterale DX fra veicoli in marcia;Incrocio;Una carreggiata a doppio senso;Asciutto;Asfaltata;Verticale ed orizzontale;Sereno;Scarso;Buona;Ore Diurne;0;0;0;3;;;-1;1;Autovettura privata;In marcia / fermata / arresto;Passeggero;F;Illeso;0;;Non accertato;Inesistente
1881633;5;10/07/2011 15:00;Strada Urbana;VIA DI PIETRALATA;all'intersezione con;VIA DELLA DEA OPI;VIA DELLA DEA OPI;;;Scontro frontale/laterale DX fra veicoli in marcia;Incrocio;Una carreggiata a doppio senso;Asciutto;Asfaltata;Verticale ed orizzontale;Sereno;Scarso;Buona;Ore Diurne;0;0;0;3;;;-1;2;Autovettura privata;In marcia / fermata / arresto;Conducente;M;Illeso;0;;Non accertato;Inesistente
1881634;7;10/07/2011 16:50;Strada Urbana;VIA DELLE ROBINIE;all'intersezione con;VIA TOR DE' SCHIAVI;VIA TOR DE' SCHIAVI;;;Scontro frontale/laterale SX fra veicoli in marcia;Incrocio;Una carreggiata a doppio senso;Asciutto;Asfaltata;Verticale ed orizzontale;Sereno;Scarso;Buona;Ore Diurne;0;0;0;2;;;-1;1;Autovettura privata;In marcia / fermata / arresto;Conducente;M;Illeso;0;;Non accertato;Inesploso
1881634;7;10/07/2011 16:50;Strada Urbana;VIA DELLE ROBINIE;all'intersezione con;VIA TOR DE' SCHIAVI;VIA TOR DE' SCHIAVI;;;Scontro frontale/laterale SX fra veicoli in marcia;Incrocio;Una carreggiata a doppio senso;Asciutto;Asfaltata;Verticale ed orizzontale;Sereno;Scarso;Buona;Ore Diurne;0;0;0;2;;;-1;2;Autovettura privata;In marcia / fermata / arresto;Conducente;F;Illeso;0;;Non accertato;Inesistente
1881635;15;10/07/2011 02:00;Strada Urbana;VIA ODERISI DA GUBBIO;in prossimità;;del civico n. ;239;;Scontro laterale fra veicoli in marcia;Rettilineo;Una carreggiata a doppio senso;Asciutto;Asfaltata;Verticale ed orizzontale;Sereno;Normale;Buona;Sufficiente;0;0;0;5;;;-1;1;Autovettura privata;In marcia / fermata / arresto;Conducente;F;Illeso;0;;Utilizzato;Inesistente
1881635;15;10/07/2011 02:00;Strada Urbana;VIA ODERISI DA GUBBIO;in prossimità;;del civico n. ;239;;Scontro laterale fra veicoli in marcia;Rettilineo;Una carreggiata a doppio senso;Asciutto;Asfaltata;Verticale ed orizzontale;Sereno;Normale;Buona;Sufficiente;0;0;0;5;;;-1;1;Autovettura privata;In marcia / fermata / arresto;Passeggero;M;Illeso;0;;Utilizzato;Inesistente
1881635;15;10/07/2011 02:00;Strada Urbana;VIA ODERISI DA GUBBIO;in prossimità;;del civico n. ;239;;Scontro laterale fra veicoli in marcia;Rettilineo;Una carreggiata a doppio senso;Asciutto;Asfaltata;Verticale ed orizzontale;Sereno;Normale;Buona;Sufficiente;0;0;0;5;;;-1;2;Autovettura privata;In marcia / fermata / arresto;Conducente;F;Illeso;0;;Utilizzato;Inesistente
1881635;15;10/07/2011 02:00;Strada Urbana;VIA ODERISI DA GUBBIO;in prossimità;;del civico n. ;239;;Scontro laterale fra veicoli in marcia;Rettilineo;Una carreggiata a doppio senso;Asciutto;Asfaltata;Verticale ed orizzontale;Sereno;Normale;Buona;Sufficiente;0;0;0;5;;;-1;2;Autovettura privata;In marcia / fermata / arresto;Passeggero;M;Illeso;0;;Utilizzato;Inesistente
1881635;15;10/07/2011 02:00;Strada Urbana;VIA ODERISI DA GUBBIO;in prossimità;;del civico n. ;239;;Scontro laterale fra veicoli in marcia;Rettilineo;Una carreggiata a doppio senso;Asciutto;Asfaltata;Verticale ed orizzontale;Sereno;Normale;Buona;Sufficiente;0;0;0;5;;;-1;2;Autovettura privata;In marcia / fermata / arresto;Passeggero;F;Illeso;0;;Utilizzato;Inesistente
1881637;1;07/07/2011 15:00;Strada Urbana;LUNGOTEVERE DE' CENCI;all'intersezione con;VIA DEL TEMPIO;VIA DEL TEMPIO;;;Scontro laterale fra veicoli in marcia;Intersezione stradale segnalata;Una carreggiata a senso unico di marcia;Asciutto;Asfaltata;Verticale ed orizzontale;Sereno;Normale;Buona;Ore Diurne;2;0;0;0;;;-1;1;Motociclo a solo;In marcia / fermata / arresto;Conducente;M;Rimandato;0;NON DECEDUTO;Utilizzato;Inesistente
1881637;1;07/07/2011 15:00;Strada Urbana;LUNGOTEVERE DE' CENCI;all'intersezione con;VIA DEL TEMPIO;VIA DEL TEMPIO;;;Scontro laterale fra veicoli in marcia;Intersezione stradale segnalata;Una carreggiata a senso unico di marcia;Asciutto;Asfaltata;Verticale ed orizzontale;Sereno;Normale;Buona;Ore Diurne;2;0;0;0;;;-1;2;Motociclo a solo;In marcia / fermata / arresto;Conducente;M;Rimandato;0;NON DECEDUTO;Utilizzato;Inesistente
1881638;6;08/07/2011 11:50;Strada Urbana;VIA AQUILONIA;all'intersezione con;VIA CAIRANO;VIA CAIRANO;;;Scontro frontale/laterale DX fra veicoli in marcia;Incrocio;Una carreggiata a doppio senso;Asciutto;Asfaltata;Verticale ed orizzontale;Sereno;Normale;Buona;Ore Diurne;0;0;0;2;;;-1;1;Autovettura privata;In marcia / fermata / arresto;Conducente;M;Illeso;0;;Non accertato;Inesistente
1881638;6;08/07/2011 11:50;Strada Urbana;VIA AQUILONIA;all'intersezione con;VIA CAIRANO;VIA CAIRANO;;;Scontro frontale/laterale DX fra veicoli in marcia;Incrocio;Una carreggiata a doppio senso;Asciutto;Asfaltata;Verticale ed orizzontale;Sereno;Normale;Buona;Ore Diurne;0;0;0;2;;;-1;2;Autovettura privata;In marcia / fermata / arresto;Conducente;F;Illeso;0;;Non accertato;Inesistente
1881639;1;08/07/2011 00:30;Strada Urbana;VIA DEL MONTE OPPIO;all'intersezione con;VIA DELLE TERME DI TRAIANO;VIA DELLE TERME DI TRAIANO;;;Scontro frontale/laterale DX fra veicoli in marcia;Intersezione non regolata/non segnalata;Una carreggiata a doppio senso;Asciutto;Asfaltata;Verticale ed orizzontale;Sereno;Scarso;Buona;Sufficiente;5;0;0;4;;;-1;1;Autovettura privata;In marcia / fermata / arresto;Conducente;F;Rimandato;0;NON DECEDUTO;Non accertato;Esploso
1881639;1;08/07/2011 00:30;Strada Urbana;VIA DEL MONTE OPPIO;all'intersezione con;VIA DELLE TERME DI TRAIANO;VIA DELLE TERME DI TRAIANO;;;Scontro frontale/laterale DX fra veicoli in marcia;Intersezione non regolata/non segnalata;Una carreggiata a doppio senso;Asciutto;Asfaltata;Verticale ed orizzontale;Sereno;Scarso;Buona;Sufficiente;5;0;0;4;;;-1;1;Autovettura privata;In marcia / fermata / arresto;Passeggero;F;Rimandato;0;NON DECEDUTO;Non accertato;
1881639;1;08/07/2011 00:30;Strada Urbana;VIA DEL MONTE OPPIO;all'intersezione con;VIA DELLE TERME DI TRAIANO;VIA DELLE TERME DI TRAIANO;;;Scontro frontale/laterale DX fra veicoli in marcia;Intersezione non regolata/non segnalata;Una carreggiata a doppio senso;Asciutto;Asfaltata;Verticale ed orizzontale;Sereno;Scarso;Buona;Sufficiente;5;0;0;4;;;-1;1;Autovettura privata;In marcia / fermata / arresto;Passeggero;F;Rimandato;0;NON DECEDUTO;Non accertato;Inesistente
1881639;1;08/07/2011 00:30;Strada Urbana;VIA DEL MONTE OPPIO;all'intersezione con;VIA DELLE TERME DI TRAIANO;VIA DELLE TERME DI TRAIANO;;;Scontro frontale/laterale DX fra veicoli in marcia;Intersezione non regolata/non segnalata;Una carreggiata a doppio senso;Asciutto;Asfaltata;Verticale ed orizzontale;Sereno;Scarso;Buona;Sufficiente;5;0;0;4;;;-1;1;Autovettura privata;In marcia / fermata / arresto;Passeggero;M;Rimandato;0;NON DECEDUTO;Non accertato;Inesistente
1881639;1;08/07/2011 00:30;Strada Urbana;VIA DEL MONTE OPPIO;all'intersezione con;VIA DELLE TERME DI TRAIANO;VIA DELLE TERME DI TRAIANO;;;Scontro frontale/laterale DX fra veicoli in marcia;Intersezione non regolata/non segnalata;Una carreggiata a doppio senso;Asciutto;Asfaltata;Verticale ed orizzontale;Sereno;Scarso;Buona;Sufficiente;5;0;0;4;;;-1;2;Autovettura privata;In marcia / fermata / arresto;Conducente;F;Illeso;0;;Non accertato;Inesistente
1881639;1;08/07/2011 00:30;Strada Urbana;VIA DEL MONTE OPPIO;all'intersezione con;VIA DELLE TERME DI TRAIANO;VIA DELLE TERME DI TRAIANO;;;Scontro frontale/laterale DX fra veicoli in marcia;Intersezione non regolata/non segnalata;Una carreggiata a doppio senso;Asciutto;Asfaltata;Verticale ed orizzontale;Sereno;Scarso;Buona;Sufficiente;5;0;0;4;;;-1;2;Autovettura privata;In marcia / fermata / arresto;Passeggero;F;Illeso;0;;Non accertato;Inesistente
1881639;1;08/07/2011 00:30;Strada Urbana;VIA DEL MONTE OPPIO;all'intersezione con;VIA DELLE TERME DI TRAIANO;VIA DELLE TERME DI TRAIANO;;;Scontro frontale/laterale DX fra veicoli in marcia;Intersezione non regolata/non segnalata;Una carreggiata a doppio senso;Asciutto;Asfaltata;Verticale ed orizzontale;Sereno;Scarso;Buona;Sufficiente;5;0;0;4;;;-1;2;Autovettura privata;In marcia / fermata / arresto;Passeggero;M;Illeso;0;;Non accertato;Inesistente
1881639;1;08/07/2011 00:30;Strada Urbana;VIA DEL MONTE OPPIO;all'intersezione con;VIA DELLE TERME DI TRAIANO;VIA DELLE TERME DI TRAIANO;;;Scontro frontale/laterale DX fra veicoli in marcia;Intersezione non regolata/non segnalata;Una carreggiata a doppio senso;Asciutto;Asfaltata;Verticale ed orizzontale;Sereno;Scarso;Buona;Sufficiente;5;0;0;4;;;-1;2;Autovettura privata;In marcia / fermata / arresto;Passeggero;F;Illeso;0;;Non accertato;Inesistente
1881639;1;08/07/2011 00:30;Strada Urbana;VIA DEL MONTE OPPIO;all'intersezione con;VIA DELLE TERME DI TRAIANO;VIA DELLE TERME DI TRAIANO;;;Scontro frontale/laterale DX fra veicoli in marcia;Intersezione non regolata/non segnalata;Una carreggiata a doppio senso;Asciutto;Asfaltata;Verticale ed orizzontale;Sereno;Scarso;Buona;Sufficiente;5;0;0;4;;;-1;2;Autovettura privata;In marcia / fermata / arresto;Passeggero;F;Rimandato;0;NON DECEDUTO;Non accertato;Inesistente
1881640;19;10/07/2011 12:30;Strada Urbana;VIA DI TORREVECCHIA;in prossimità;;del civico n. ;295;;Scontro laterale fra veicoli in marcia;Rettilineo;Una carreggiata a doppio senso;Asciutto;Asfaltata;Verticale ed orizzontale;Sereno;Scarso;Buona;Ore Diurne;0;0;0;3;;;-1;1;Motociclo a solo;In marcia / fermata / arresto;Conducente;M;Illeso;0;;Non accertato;Inesistente
1881640;19;10/07/2011 12:30;Strada Urbana;VIA DI TORREVECCHIA;in prossimità;;del civico n. ;295;;Scontro laterale fra veicoli in marcia;Rettilineo;Una carreggiata a doppio senso;Asciutto;Asfaltata;Verticale ed orizzontale;Sereno;Scarso;Buona;Ore Diurne;0;0;0;3;;;-1;2;Autovettura privata;In marcia / fermata / arresto;Conducente;M;Illeso;0;;Non accertato;Inesistente
1881640;19;10/07/2011 12:30;Strada Urbana;VIA DI TORREVECCHIA;in prossimità;;del civico n. ;295;;Scontro laterale fra veicoli in marcia;Rettilineo;Una carreggiata a doppio senso;Asciutto;Asfaltata;Verticale ed orizzontale;Sereno;Scarso;Buona;Ore Diurne;0;0;0;3;;;-1;2;Autovettura privata;In marcia / fermata / arresto;Passeggero;F;Illeso;0;;Non accertato;Inesistente
1881641;1;08/07/2011 20:50;Strada Urbana;VIA DELLE QUATTRO FONTANE;all'intersezione con;VIA VENTI SETTEMBRE;VIA VENTI SETTEMBRE;;;Tamponamento;Incrocio;Una carreggiata a senso unico di marcia;Asciutto;In cubetti di porfido;Verticale ed orizzontale;Sereno;Normale;Sufficiente;Sufficiente;1;0;0;4;;;-1;1;Autovettura privata;In marcia / fermata / arresto;Conducente;F;Illeso;0;;Non accertato;Inesistente
1881641;1;08/07/2011 20:50;Strada Urbana;VIA DELLE QUATTRO FONTANE;all'intersezione con;VIA VENTI SETTEMBRE;VIA VENTI SETTEMBRE;;;Tamponamento;Incrocio;Una carreggiata a senso unico di marcia;Asciutto;In cubetti di porfido;Verticale ed orizzontale;Sereno;Normale;Sufficiente;Sufficiente;1;0;0;4;;;-1;1;Autovettura privata;In marcia / fermata / arresto;Passeggero;F;Illeso;0;;Non accertato;Inesistente
1881641;1;08/07/2011 20:50;Strada Urbana;VIA DELLE QUATTRO FONTANE;all'intersezione con;VIA VENTI SETTEMBRE;VIA VENTI SETTEMBRE;;;Tamponamento;Incrocio;Una carreggiata a senso unico di marcia;Asciutto;In cubetti di porfido;Verticale ed orizzontale;Sereno;Normale;Sufficiente;Sufficiente;1;0;0;4;;;-1;1;Autovettura privata;In marcia / fermata / arresto;Passeggero;F;Illeso;0;;Non accertato;Inesistente
1881641;1;08/07/2011 20:50;Strada Urbana;VIA DELLE QUATTRO FONTANE;all'intersezione con;VIA VENTI SETTEMBRE;VIA VENTI SETTEMBRE;;;Tamponamento;Incrocio;Una carreggiata a senso unico di marcia;Asciutto;In cubetti di porfido;Verticale ed orizzontale;Sereno;Normale;Sufficiente;Sufficiente;1;0;0;4;;;-1;1;Autovettura privata;In marcia / fermata / arresto;Passeggero;F;Illeso;0;;Non accertato;Inesistente
1881641;1;08/07/2011 20:50;Strada Urbana;VIA DELLE QUATTRO FONTANE;all'intersezione con;VIA VENTI SETTEMBRE;VIA VENTI SETTEMBRE;;;Tamponamento;Incrocio;Una carreggiata a senso unico di marcia;Asciutto;In cubetti di porfido;Verticale ed orizzontale;Sereno;Normale;Sufficiente;Sufficiente;1;0;0;4;;;-1;2;Autovettura privata;In marcia / fermata / arresto;Conducente;F;Rifiuta cure immediate;0;NON DECEDUTO;Non accertato;Inesistente
1881643;15;05/07/2011 10:45;Strada Urbana;VIA DEL FOSSO DELLA MAGLIANA;in prossimità;;del civico n. ;38;;Scontro laterale fra veicoli in marcia;Curva a visuale libera;Una carreggiata a doppio senso;Bagnato (pioggia);Asfaltata;Orizzontale;Nuvoloso;Normale;Buona;Ore Diurne;1;0;0;0;;;-1;1;Autovettura privata;In marcia / fermata / arresto;Conducente;F;Rimandato;0;NON DECEDUTO;Non accertato;Inesistente
1881644;6;09/07/2011 21:00;Strada Urbana;VIA PRENESTINA;da specificare;;;;alt. Ponte Ferrovia;Scontro laterale fra veicoli in marcia;Rettilineo;Due carreggiate;Asciutto;Asfaltata;Assente;Sereno;Scarso;Buona;Sufficiente;0;0;0;3;;;-1;1;Autovettura privata;In marcia / fermata / arresto;Conducente;M;Illeso;0;;Non accertato;Inesistente
1881644;6;09/07/2011 21:00;Strada Urbana;VIA PRENESTINA;da specificare;;;;alt. Ponte Ferrovia;Scontro laterale fra veicoli in marcia;Rettilineo;Due carreggiate;Asciutto;Asfaltata;Assente;Sereno;Scarso;Buona;Sufficiente;0;0;0;3;;;-1;1;Autovettura privata;In marcia / fermata / arresto;Passeggero;M;Illeso;0;;Non accertato;Inesistente
1881644;6;09/07/2011 21:00;Strada Urbana;VIA PRENESTINA;da specificare;;;;alt. Ponte Ferrovia;Scontro laterale fra veicoli in marcia;Rettilineo;Due carreggiate;Asciutto;Asfaltata;Assente;Sereno;Scarso;Buona;Sufficiente;0;0;0;3;;;-1;2;Autovettura privata;In marcia / fermata / arresto;Conducente;M;Illeso;0;;Non accertato;Inesistente
1881645;20;09/07/2011 07:00;Strada Urbana;VIALE DI TOR DI QUINTO;da specificare;;;;in prossimità di Via Federico Caprilli dir. centro;Veicolo in marcia contro ostacolo fisso;Curva a visuale libera;Due carreggiate;Asciutto;Asfaltata;Orizzontale;Sereno;Normale;Buona;Ore Diurne;0;0;0;1;;;-1;1;Autovettura privata;In marcia / fermata / arresto;Conducente;M;Illeso;0;;Non accertato;Inesistente
1881646;6;09/07/2011 22:05;Strada Urbana;VIA PIETRO ROVETTI;all'intersezione con;VIA ORESTE SALOMONE;VIA ORESTE SALOMONE;;;Scontro frontale/laterale SX fra veicoli in marcia;Incrocio;Una carreggiata a senso unico di marcia;Asciutto;Asfaltata;Verticale ed orizzontale;Sereno;Scarso;Buona;Sufficiente;2;0;0;0;;;-1;1;Autovettura privata;In marcia / fermata / arresto;Conducente;M;Rimandato;0;NON DECEDUTO;Non accertato;Esploso
1881646;6;09/07/2011 22:05;Strada Urbana;VIA PIETRO ROVETTI;all'intersezione con;VIA ORESTE SALOMONE;VIA ORESTE SALOMONE;;;Scontro frontale/laterale SX fra veicoli in marcia;Incrocio;Una carreggiata a senso unico di marcia;Asciutto;Asfaltata;Verticale ed orizzontale;Sereno;Scarso;Buona;Sufficiente;2;0;0;0;;;-1;2;Autovettura privata;In marcia / fermata / arresto;Conducente;M;Rimandato;0;NON DECEDUTO;Non accertato;Inesistente
1881647;20;10/07/2011 07:30;Regionale entro l'abitato;VIA CASSIA;in prossimità;;del civico n. ;2040;;Veicolo in marcia contro veicolo fermo;Rettilineo;Una carreggiata a doppio senso;Asciutto;Asfaltata;Verticale ed orizzontale;Sereno;Normale;Sufficiente;Ore Diurne;1;0;0;0;;;-1;2;Autovettura privata;In marcia / fermata / arresto;Conducente;M;Ricoverato;0;NON DECEDUTO;Non accertato;Esploso
1881648;6;10/07/2011 03:00;Strada Urbana;VIA CASILINA;all'intersezione semaforizzata con;VIA DI CENTOCELLE;VIA DI CENTOCELLE;;;Scontro laterale fra veicoli in marcia;Intersezione semaforizzata;Due carreggiate;Asciutto;Asfaltata;Verticale ed orizzontale;Sereno;Scarso;Buona;Sufficiente;0;0;0;3;;;-1;1;Autovettura privata;In marcia / fermata / arresto;Conducente;F;Illeso;0;;Non accertato;Inesistente
1881648;6;10/07/2011 03:00;Strada Urbana;VIA CASILINA;all'intersezione semaforizzata con;VIA DI CENTOCELLE;VIA DI CENTOCELLE;;;Scontro laterale fra veicoli in marcia;Intersezione semaforizzata;Due carreggiate;Asciutto;Asfaltata;Verticale ed orizzontale;Sereno;Scarso;Buona;Sufficiente;0;0;0;3;;;-1;2;Autovettura privata;In marcia / fermata / arresto;Conducente;M;Illeso;0;;Non accertato;Inesistente
1881648;6;10/07/2011 03:00;Strada Urbana;VIA CASILINA;all'intersezione semaforizzata con;VIA DI CENTOCELLE;VIA DI CENTOCELLE;;;Scontro laterale fra veicoli in marcia;Intersezione semaforizzata;Due carreggiate;Asciutto;Asfaltata;Verticale ed orizzontale;Sereno;Scarso;Buona;Sufficiente;0;0;0;3;;;-1;2;Autovettura privata;In marcia / fermata / arresto;Passeggero;M;Illeso;0;;Non accertato;Inesistente
1881649;3;06/07/2011 18:00;Strada Urbana;PIAZZALE DI PORTA PIA;all'intersezione con;VIALE DEL POLICLINICO;VIALE DEL POLICLINICO;;;Scontro laterale fra veicoli in marcia;Intersezione semaforizzata;Una carreggiata a doppio senso;Asciutto;Asfaltata;Verticale ed orizzontale;Sereno;Normale;Buona;Ore Diurne;0;0;0;2;;;-1;1;Autovettura privata;In marcia / fermata / arresto;Conducente;M;Illeso;0;;Utilizzato;Inesistente
1881649;3;06/07/2011 18:00;Strada Urbana;PIAZZALE DI PORTA PIA;all'intersezione con;VIALE DEL POLICLINICO;VIALE DEL POLICLINICO;;;Scontro laterale fra veicoli in marcia;Intersezione semaforizzata;Una carreggiata a doppio senso;Asciutto;Asfaltata;Verticale ed orizzontale;Sereno;Normale;Buona;Ore Diurne;0;0;0;2;;;-1;2;Motociclo a solo;In marcia / fermata / arresto;Conducente;M;Illeso;0;;Utilizzato;Inesistente
1881650;16;07/07/2011 15:45;Strada Urbana;VIA AURELIA;da specificare;;;;Altezza VIA P. ORANO;Investimento di pedone;Rettilineo;Una carreggiata a doppio senso;Asciutto;Asfaltata;Orizzontale;Sereno;Normale;Buona;Ore Diurne;1;0;0;1;;;-1;;;;Pedone;F;Rimandato;0;NON DECEDUTO;;
1881650;16;07/07/2011 15:45;Strada Urbana;VIA AURELIA;da specificare;;;;Altezza VIA P. ORANO;Investimento di pedone;Rettilineo;Una carreggiata a doppio senso;Asciutto;Asfaltata;Orizzontale;Sereno;Normale;Buona;Ore Diurne;1;0;0;1;;;-1;1;Autovettura privata;Allontanatosi;Conducente;M;Illeso;0;;Non accertato;Inesistente
1881651;9;09/07/2011 03:00;Strada Urbana;VIA CASTEL COLONNA;all'intersezione con;VIA ROCCA PRIORA;VIA ROCCA PRIORA;;;Infortunio per sola frenata improvvisa;Incrocio;Una carreggiata a senso unico di marcia;Sdrucciolevole (pietrisco);Asfaltata;Verticale;Sereno;Scarso;Buona;Inesistente;0;0;0;1;;;-1;1;Motociclo a solo;In marcia / fermata / arresto;Conducente;M;Illeso;0;;Non accertato;Inesistente
1881652;3;06/07/2011 13:30;Strada Urbana;VIA CATANIA;in prossimità;;del civico n. ;92;;Investimento di pedone;Rettilineo;Una carreggiata a doppio senso;Asciutto;Asfaltata;Verticale ed orizzontale;Sereno;Normale;Buona;Ore Diurne;2;0;0;0;;;-1;;;;Pedone;F;Rimandato;0;NON DECEDUTO;;
1881652;3;06/07/2011 13:30;Strada Urbana;VIA CATANIA;in prossimità;;del civico n. ;92;;Investimento di pedone;Rettilineo;Una carreggiata a doppio senso;Asciutto;Asfaltata;Verticale ed orizzontale;Sereno;Normale;Buona;Ore Diurne;2;0;0;0;;;-1;1;Motociclo a solo;In marcia / fermata / arresto;Conducente;M;Rimandato;0;NON DECEDUTO;Non accertato;Inesistente
1881653;6;09/07/2011 19:55;Strada Urbana;VIA ANTONIO TEMPESTA;da specificare;;;;altezza VIA SAN BARNABA;Scontro frontale/laterale SX fra veicoli in marcia;Rettilineo;Una carreggiata a senso unico di marcia;Asciutto;Asfaltata;Verticale ed orizzontale;Sereno;Scarso;Buona;Ore Diurne;1;0;0;2;;;-1;1;Autovettura privata;In marcia / fermata / arresto;Conducente;M;Illeso;0;;Non accertato;Inesistente
1881653;6;09/07/2011 19:55;Strada Urbana;VIA ANTONIO TEMPESTA;da specificare;;;;altezza VIA SAN BARNABA;Scontro frontale/laterale SX fra veicoli in marcia;Rettilineo;Una carreggiata a senso unico di marcia;Asciutto;Asfaltata;Verticale ed orizzontale;Sereno;Scarso;Buona;Ore Diurne;1;0;0;2;;;-1;1;Autovettura privata;In marcia / fermata / arresto;Passeggero;M;Illeso;0;;Non accertato;Inesploso