Protocollo;Gruppo;DataOraIncidente;Localizzazione1;STRADA1;Localizzazione2;STRADA2;Strada02;Chilometrica;DaSpecificare;NaturaIncidente;particolaritastrade;TipoStrada;FondoStradale;Pavimentazione;Segnaletica;CondizioneAtmosferica;Traffico;Visibilita;Illuminazione;NUM_FERITI;NUM_RISERVATA;NUM_MORTI;NUM_ILLESI;Longitudine;Latitudine;Confermato;Progressivo;TipoVeicolo;StatoVeicolo;TipoPersona;Sesso;Tipolesione;Deceduto;DecedutoDopo;CinturaCascoUtilizzato;Airbag
1882793;20;20/07/2011 17:10;Strada Urbana;VIA FLAMINIA NUOVA;da specificare;;;;dir. GRA alt. via Bomarzo;Tamponamento Multiplo;Rettilineo;Due carreggiate;Asciutto;Asfaltata;Orizzontale;Sereno;Intenso;Buona;Ore Diurne;0;0;0;6;;;-1;2;Autovettura privata;In marcia / fermata / arresto;Passeggero;F;Illeso;0;;Non accertato;Inesploso
1882793;20;20/07/2011 17:10;Strada Urbana;VIA FLAMINIA NUOVA;da specificare;;;;dir. GRA alt. via Bomarzo;Tamponamento Multiplo;Rettilineo;Due carreggiate;Asciutto;Asfaltata;Orizzontale;Sereno;Intenso;Buona;Ore Diurne;0;0;0;6;;;-1;3;Autovettura privata;In marcia / fermata / arresto;Conducente;M;Illeso;0;;Non accertato;Inesploso
1882793;20;20/07/2011 17:10;Strada Urbana;VIA FLAMINIA NUOVA;da specificare;;;;dir. GRA alt. via Bomarzo;Tamponamento Multiplo;Rettilineo;Due carreggiate;Asciutto;Asfaltata;Orizzontale;Sereno;Intenso;Buona;Ore Diurne;0;0;0;6;;;-1;4;Autovettura privata;In marcia / fermata / arresto;Conducente;M;Illeso;0;;Non accertato;Esploso
1882794;20;21/07/2011 07:50;Statale entro l'abitato;VIA FLAMINIA;in prossimità;;del palo luce n. ;94;;Scontro laterale fra veicoli in marcia;Rettilineo;Due carreggiate;Asciutto;Asfaltata;Verticale ed orizzontale;Sereno;Intenso;Buona;Ore Diurne;0;0;0;2;;;-1;1;Autovettura privata;In marcia / fermata / arresto;Conducente;F;Illeso;0;;Non accertato;Inesploso
1882794;20;21/07/2011 07:50;Statale entro l'abitato;VIA FLAMINIA;in prossimità;;del palo luce n. ;94;;Scontro laterale fra veicoli in marcia;Rettilineo;Due carreggiate;Asciutto;Asfaltata;Verticale ed orizzontale;Sereno;Intenso;Buona;Ore Diurne;0;0;0;2;;;-1;2;Autovettura privata;In marcia / fermata / arresto;Conducente;F;Illeso;0;;Non accertato;Inesistente
1882795;20;21/07/2011 11:00;Strada Urbana;VIA DELLA CAMILLUCCIA;all'intersezione con;VIA STRESA;VIA STRESA;;;Tamponamento;Intersezione stradale segnalata;Una carreggiata a doppio senso;Asciutto;Asfaltata;Verticale ed orizzontale;Sereno;Normale;Buona;Ore Diurne;1;0;0;1;;;-1;1;Autovettura privata;In marcia / fermata / arresto;Conducente;M;Rifiuta cure immediate;0;NON DECEDUTO;Non accertato;Inesploso
1882795;20;21/07/2011 11:00;Strada Urbana;VIA DELLA CAMILLUCCIA;all'intersezione con;VIA STRESA;VIA STRESA;;;Tamponamento;Intersezione stradale segnalata;Una carreggiata a doppio senso;Asciutto;Asfaltata;Verticale ed orizzontale;Sereno;Normale;Buona;Ore Diurne;1;0;0;1;;;-1;2;Autovettura privata;In marcia / fermata / arresto;Conducente;F;Illeso;0;;Non accertato;Inesploso
1882797;18;19/07/2011 22:15;Strada Urbana;VIA DI TORREVECCHIA;all'intersezione con;VIA TOMMASO BERNETTI;VIA TOMMASO BERNETTI;;;Scontro frontale/laterale SX fra veicoli in marcia;Incrocio;Una carreggiata a doppio senso;Asciutto;Asfaltata;Verticale ed orizzontale;Nuvoloso;Normale;Sufficiente;Sufficiente;1;0;0;5;;;-1;1;Autovettura privata;In marcia / fermata / arresto;Conducente;M;Illeso;0;;Non accertato;Inesistente
1882797;18;19/07/2011 22:15;Strada Urbana;VIA DI TORREVECCHIA;all'intersezione con;VIA TOMMASO BERNETTI;VIA TOMMASO BERNETTI;;;Scontro frontale/laterale SX fra veicoli in marcia;Incrocio;Una carreggiata a doppio senso;Asciutto;Asfaltata;Verticale ed orizzontale;Nuvoloso;Normale;Sufficiente;Sufficiente;1;0;0;5;;;-1;1;Autovettura privata;In marcia / fermata / arresto;Passeggero;M;Illeso;0;;Non accertato;Inesistente
1882797;18;19/07/2011 22:15;Strada Urbana;VIA DI TORREVECCHIA;all'intersezione con;VIA TOMMASO BERNETTI;VIA TOMMASO BERNETTI;;;Scontro frontale/laterale SX fra veicoli in marcia;Incrocio;Una carreggiata a doppio senso;Asciutto;Asfaltata;Verticale ed orizzontale;Nuvoloso;Normale;Sufficiente;Sufficiente;1;0;0;5;;;-1;1;Autovettura privata;In marcia / fermata / arresto;Passeggero;F;Illeso;0;;Non accertato;Inesistente
1882797;18;19/07/2011 22:15;Strada Urbana;VIA DI TORREVECCHIA;all'intersezione con;VIA TOMMASO BERNETTI;VIA TOMMASO BERNETTI;;;Scontro frontale/laterale SX fra veicoli in marcia;Incrocio;Una carreggiata a doppio senso;Asciutto;Asfaltata;Verticale ed orizzontale;Nuvoloso;Normale;Sufficiente;Sufficiente;1;0;0;5;;;-1;1;Autovettura privata;In marcia / fermata / arresto;Passeggero;F;Illeso;0;;Non accertato;Inesistente
1882797;18;19/07/2011 22:15;Strada Urbana;VIA DI TORREVECCHIA;all'intersezione con;VIA TOMMASO BERNETTI;VIA TOMMASO BERNETTI;;;Scontro frontale/laterale SX fra veicoli in marcia;Incrocio;Una carreggiata a doppio senso;Asciutto;Asfaltata;Verticale ed orizzontale;Nuvoloso;Normale;Sufficiente;Sufficiente;1;0;0;5;;;-1;1;Autovettura privata;In marcia / fermata / arresto;Passeggero;M;Illeso;0;;Non accertato;Inesistente
1882797;18;19/07/2011 22:15;Strada Urbana;VIA DI TORREVECCHIA;all'intersezione con;VIA TOMMASO BERNETTI;VIA TOMMASO BERNETTI;;;Scontro frontale/laterale SX fra veicoli in marcia;Incrocio;Una carreggiata a doppio senso;Asciutto;Asfaltata;Verticale ed orizzontale;Nuvoloso;Normale;Sufficiente;Sufficiente;1;0;0;5;;;-1;2;Motociclo a solo;In marcia / fermata / arresto;Conducente;M;Rimandato;0;NON DECEDUTO;Utilizzato;Inesistente
1882798;1;14/07/2011 11:00;Strada Urbana;LARGO GIUSEPPE TONIOLO;in corrispondenza;;del civico n. ;23;;Scontro frontale fra veicoli in marcia;Rettilineo;Una carreggiata a senso unico di marcia;Asciutto;Acciotolata;Verticale ed orizzontale;Sereno;Intenso;Buona;Ore Diurne;0;0;0;1;;;-1;1;Autovettura privata;In marcia / fermata / arresto;Conducente;M;Illeso;0;;Non accertato;Inesistente
1882799;12;20/07/2011 12:20;Strada Urbana;VIA DEL TURISMO;all'intersezione con;PIAZZALE KONRAD ADENAUER;PIAZZALE KONRAD ADENAUER;;;Scontro frontale/laterale SX fra veicoli in marcia;Incrocio;Una carreggiata a doppio senso;Asciutto;Asfaltata;Verticale ed orizzontale;Sereno;Normale;Buona;Ore Diurne;1;0;0;1;;;-1;1;Autocarro inferiore 35 q.;In marcia / fermata / arresto;Conducente;M;Illeso;0;;Utilizzato;Inesploso
1882799;12;20/07/2011 12:20;Strada Urbana;VIA DEL TURISMO;all'intersezione con;PIAZZALE KONRAD ADENAUER;PIAZZALE KONRAD ADENAUER;;;Scontro frontale/laterale SX fra veicoli in marcia;Incrocio;Una carreggiata a doppio senso;Asciutto;Asfaltata;Verticale ed orizzontale;Sereno;Normale;Buona;Ore Diurne;1;0;0;1;;;-1;2;Autovettura privata;In marcia / fermata / arresto;Conducente;M;Rimandato;0;NON DECEDUTO;Utilizzato;Inesploso
1882802;2;21/07/2011 12:00;Strada Urbana;VIALE DELLA MOSCHEA;all'intersezione con;VIALE PARIOLI;VIALE PARIOLI;;;Veicolo in marcia contro ostacolo accidentale;Intersezione semaforizzata;Una carreggiata a doppio senso;Viscido da liquidi oleosi;Asfaltata;Verticale ed orizzontale;Sereno;Normale;Buona;Ore Diurne;0;0;0;1;;;-1;1;Motociclo a solo;In marcia / fermata / arresto;Conducente;M;Illeso;0;;Non accertato;Inesistente
1882804;12;16/07/2011 12:45;Strada Urbana;VIALE EGEO;in prossimità;;del civico n. ;12;;Ribaltamento senza urto contro ostacolo fisso;Curva a visuale libera;Una carreggiata a senso unico di marcia;Asciutto;Asfaltata;Verticale ed orizzontale;Sereno;Normale;Buona;Ore Diurne;1;0;0;0;;;-1;1;Motociclo a solo;In marcia / fermata / arresto;Conducente;M;Rimandato;0;NON DECEDUTO;Non accertato;Inesistente
1882805;1;19/07/2011 12:05;Strada Urbana;VIA CARLO ALBERTO;da specificare;;;;FR CV 27;Infortunio per caduta del veicolo;Rettilineo;Una carreggiata a doppio senso;Asciutto;Acciotolata;Orizzontale;Sereno;Normale;Buona;Ore Diurne;1;0;0;0;;;-1;1;Motociclo con passeggero;In marcia / fermata / arresto;Conducente;M;Rimandato;0;NON DECEDUTO;Non accertato;Inesistente
1882806;1;19/07/2011 07:30;Strada Urbana;VIALE GUIDO BACCELLI;all'intersezione con;VIA ANTONINIANA;VIA ANTONINIANA;;;Scontro frontale/laterale SX fra veicoli in marcia;Incrocio;Una carreggiata a doppio senso;Asciutto;Asfaltata;Orizzontale;Sereno;Normale;Buona;Ore Diurne;1;0;0;1;;;-1;1;Autovettura privata;In marcia / fermata / arresto;Conducente;M;Illeso;0;;Non accertato;Inesistente
1882806;1;19/07/2011 07:30;Strada Urbana;VIALE GUIDO BACCELLI;all'intersezione con;VIA ANTONINIANA;VIA ANTONINIANA;;;Scontro frontale/laterale SX fra veicoli in marcia;Incrocio;Una carreggiata a doppio senso;Asciutto;Asfaltata;Orizzontale;Sereno;Normale;Buona;Ore Diurne;1;0;0;1;;;-1;2;Motociclo a solo;In marcia / fermata / arresto;Conducente;M;Rimandato;0;NON DECEDUTO;Non accertato;Inesistente
1882807;1;17/07/2011 15:50;Strada Urbana;VIA DI TOR MILLINA;all'intersezione con;VIA DELLA PACE;VIA DELLA PACE;;;Veicolo in marcia contro ostacolo fisso;Incrocio;Una carreggiata a senso unico di marcia;Asciutto;Asfaltata;Assente;Sereno;Scarso;Buona;Ore Diurne;0;0;0;1;;;-1;1;Autocarro inferiore 35 q.;In marcia / fermata / arresto;Conducente;M;Illeso;0;;Non accertato;Inesistente
1882808;1;20/07/2011 13:50;Strada Urbana;PIAZZA DI SPAGNA;da specificare;;;;PROSSIMITA' DELLA FONTANA;Investimento di pedone;Rettilineo;Una carreggiata a senso unico di marcia;Asciutto;Acciotolata;Verticale ed orizzontale;Sereno;Normale;Buona;Ore Diurne;1;0;0;1;;;-1;;;;Pedone;M;Ricoverato;0;NON DECEDUTO;;
1882808;1;20/07/2011 13:50;Strada Urbana;PIAZZA DI SPAGNA;da specificare;;;;PROSSIMITA' DELLA FONTANA;Investimento di pedone;Rettilineo;Una carreggiata a senso unico di marcia;Asciutto;Acciotolata;Verticale ed orizzontale;Sereno;Normale;Buona;Ore Diurne;1;0;0;1;;;-1;1;Autovettura pubblica;In marcia / fermata / arresto;Conducente;M;Illeso;0;;Non accertato;Inesploso
1882809;1;19/07/2011 18:50;Strada Urbana;LUNGOTEVERE AVENTINO;in prossimità;;del palo luce n. ;23;;Scontro laterale fra veicoli in marcia;Rettilineo;Due carreggiate;Asciutto;Asfaltata;Verticale ed orizzontale;Sereno;Normale;Buona;Ore Diurne;1;0;0;4;;;-1;1;Autovettura privata;In marcia / fermata / arresto;Conducente;M;Illeso;0;;Non accertato;Inesistente
1882809;1;19/07/2011 18:50;Strada Urbana;LUNGOTEVERE AVENTINO;in prossimità;;del palo luce n. ;23;;Scontro laterale fra veicoli in marcia;Rettilineo;Due carreggiate;Asciutto;Asfaltata;Verticale ed orizzontale;Sereno;Normale;Buona;Ore Diurne;1;0;0;4;;;-1;1;Autovettura privata;In marcia / fermata / arresto;Passeggero;M;Illeso;0;;Non accertato;Inesistente
1882809;1;19/07/2011 18:50;Strada Urbana;LUNGOTEVERE AVENTINO;in prossimità;;del palo luce n. ;23;;Scontro laterale fra veicoli in marcia;Rettilineo;Due carreggiate;Asciutto;Asfaltata;Verticale ed orizzontale;Sereno;Normale;Buona;Ore Diurne;1;0;0;4;;;-1;1;Autovettura privata;In marcia / fermata / arresto;Passeggero;M;Illeso;0;;Non accertato;Inesistente
1882809;1;19/07/2011 18:50;Strada Urbana;LUNGOTEVERE AVENTINO;in prossimità;;del palo luce n. ;23;;Scontro laterale fra veicoli in marcia;Rettilineo;Due carreggiate;Asciutto;Asfaltata;Verticale ed orizzontale;Sereno;Normale;Buona;Ore Diurne;1;0;0;4;;;-1;1;Autovettura privata;In marcia / fermata / arresto;Passeggero;F;Illeso;0;;Non accertato;Inesistente
1882809;1;19/07/2011 18:50;Strada Urbana;LUNGOTEVERE AVENTINO;in prossimità;;del palo luce n. ;23;;Scontro laterale fra veicoli in marcia;Rettilineo;Due carreggiate;Asciutto;Asfaltata;Verticale ed orizzontale;Sereno;Normale;Buona;Ore Diurne;1;0;0;4;;;-1;2;Motociclo a solo;In marcia / fermata / arresto;Conducente;M;Rimandato;0;NON DECEDUTO;Utilizzato;Inesistente
1882810;1;19/07/2011 10:45;Strada Urbana;LUNGOTEVERE ARNALDO DA BRESCIA;da specificare;;;;SOTTOPASSAGGIO ;Scontro laterale fra veicoli in marcia;Rettilineo;Una carreggiata a senso unico di marcia;Asciutto;Asfaltata;Orizzontale;Sereno;Normale;Buona;Ore Diurne;1;0;0;2;;;-1;1;Motociclo a solo;In marcia / fermata / arresto;Conducente;F;Rimandato;0;NON DECEDUTO;Utilizzato;Inesistente
1882810;1;19/07/2011 10:45;Strada Urbana;LUNGOTEVERE ARNALDO DA BRESCIA;da specificare;;;;SOTTOPASSAGGIO ;Scontro laterale fra veicoli in marcia;Rettilineo;Una carreggiata a senso unico di marcia;Asciutto;Asfaltata;Orizzontale;Sereno;Normale;Buona;Ore Diurne;1;0;0;2;;;-1;2;Autovettura privata;In marcia / fermata / arresto;Conducente;M;Illeso;0;;Non accertato;Inesploso
1882810;1;19/07/2011 10:45;Strada Urbana;LUNGOTEVERE ARNALDO DA BRESCIA;da specificare;;;;SOTTOPASSAGGIO ;Scontro laterale fra veicoli in marcia;Rettilineo;Una carreggiata a senso unico di marcia;Asciutto;Asfaltata;Orizzontale;Sereno;Normale;Buona;Ore Diurne;1;0;0;2;;;-1;2;Autovettura privata;In marcia / fermata / arresto;Passeggero;F;Illeso;0;;Non accertato;Inesistente
1882811;1;19/07/2011 20:00;Strada Urbana;VIA DEL CIRCO MASSIMO;in corrispondenza;;del civico n. ;27;;Scontro laterale fra veicoli in marcia;Rettilineo;Una carreggiata a doppio senso;Asciutto;Asfaltata;Orizzontale;Sereno;Normale;Sufficiente;Sufficiente;2;0;0;1;;;-1;1;Autovettura privata;In marcia / fermata / arresto;Conducente;F;Illeso;0;;Non accertato;Inesistente
1882811;1;19/07/2011 20:00;Strada Urbana;VIA DEL CIRCO MASSIMO;in corrispondenza;;del civico n. ;27;;Scontro laterale fra veicoli in marcia;Rettilineo;Una carreggiata a doppio senso;Asciutto;Asfaltata;Orizzontale;Sereno;Normale;Sufficiente;Sufficiente;2;0;0;1;;;-1;2;Motociclo a solo;In marcia / fermata / arresto;Conducente;M;Rimandato;0;NON DECEDUTO;Non accertato;Inesistente
1882811;1;19/07/2011 20:00;Strada Urbana;VIA DEL CIRCO MASSIMO;in corrispondenza;;del civico n. ;27;;Scontro laterale fra veicoli in marcia;Rettilineo;Una carreggiata a doppio senso;Asciutto;Asfaltata;Orizzontale;Sereno;Normale;Sufficiente;Sufficiente;2;0;0;1;;;-1;2;Motociclo a solo;In marcia / fermata / arresto;Passeggero;F;Rimandato;0;NON DECEDUTO;Non accertato;Inesistente
1882812;1;19/07/2011 08:30;Strada Urbana;VIA DI S. STEFANO ROTONDO;all'intersezione con;VIA DELLA NAVICELLA;VIA DELLA NAVICELLA;;;Tamponamento;Incrocio;Una carreggiata a senso unico di marcia;Asciutto;Acciotolata;Verticale;Nuvoloso;Scarso;Buona;Ore Diurne;0;0;0;2;;;-1;1;Autovettura privata;In marcia / fermata / arresto;Conducente;F;Illeso;0;;Non accertato;Inesistente
1882812;1;19/07/2011 08:30;Strada Urbana;VIA DI S. STEFANO ROTONDO;all'intersezione con;VIA DELLA NAVICELLA;VIA DELLA NAVICELLA;;;Tamponamento;Incrocio;Una carreggiata a senso unico di marcia;Asciutto;Acciotolata;Verticale;Nuvoloso;Scarso;Buona;Ore Diurne;0;0;0;2;;;-1;2;Autovettura privata;In marcia / fermata / arresto;Conducente;F;Illeso;0;;Non accertato;Inesistente
1882813;1;18/07/2011 00:05;Strada Urbana;VIA DEL TEATRO DI MARCELLO;all'intersezione semaforizzata con;VIA DEL FORO OLITORIO;VIA DEL FORO OLITORIO;;;Scontro laterale fra veicoli in marcia;Intersezione semaforizzata;Una carreggiata a doppio senso;Asciutto;Acciotolata;Verticale ed orizzontale;Sereno;Scarso;Buona;Sufficiente;0;0;0;3;;;-1;1;Autovettura pubblica;In marcia / fermata / arresto;Conducente;M;Illeso;0;;Non accertato;Inesistente
1882813;1;18/07/2011 00:05;Strada Urbana;VIA DEL TEATRO DI MARCELLO;all'intersezione semaforizzata con;VIA DEL FORO OLITORIO;VIA DEL FORO OLITORIO;;;Scontro laterale fra veicoli in marcia;Intersezione semaforizzata;Una carreggiata a doppio senso;Asciutto;Acciotolata;Verticale ed orizzontale;Sereno;Scarso;Buona;Sufficiente;0;0;0;3;;;-1;2;Autovettura privata;In marcia / fermata / arresto;Conducente;M;Illeso;0;;Non accertato;Inesistente
1882813;1;18/07/2011 00:05;Strada Urbana;VIA DEL TEATRO DI MARCELLO;all'intersezione semaforizzata con;VIA DEL FORO OLITORIO;VIA DEL FORO OLITORIO;;;Scontro laterale fra veicoli in marcia;Intersezione semaforizzata;Una carreggiata a doppio senso;Asciutto;Acciotolata;Verticale ed orizzontale;Sereno;Scarso;Buona;Sufficiente;0;0;0;3;;;-1;2;Autovettura privata;In marcia / fermata / arresto;Passeggero;F;Illeso;0;;Non accertato;Inesistente
1882814;1;14/07/2011 17:00;Strada Urbana;PIAZZA DI PORTA CAPENA;da specificare;;;;lato ingresso fao ;Scontro laterale fra veicoli in marcia;Curva senza visuale libera;Due carreggiate;Viscido da liquidi oleosi;Asfaltata;Verticale ed orizzontale;Sereno;Intenso;Buona;Ore Diurne;1;0;0;1;;;-1;1;Autobus di linea;In marcia / fermata / arresto;Conducente;M;Illeso;0;;Non accertato;Inesistente
1882814;1;14/07/2011 17:00;Strada Urbana;PIAZZA DI PORTA CAPENA;da specificare;;;;lato ingresso fao ;Scontro laterale fra veicoli in marcia;Curva senza visuale libera;Due carreggiate;Viscido da liquidi oleosi;Asfaltata;Verticale ed orizzontale;Sereno;Intenso;Buona;Ore Diurne;1;0;0;1;;;-1;2;Ciclomotore;In marcia / fermata / arresto;Conducente;M;Rifiuta cure immediate;0;NON DECEDUTO;Utilizzato;Inesistente
1882815;1;21/07/2011 10:45;Strada Urbana;PIAZZA DELL'INDIPENDENZA;all'intersezione semaforizzata con;VIA GOITO;VIA GOITO;;;Investimento di pedone;Intersezione semaforizzata;Una carreggiata a senso unico di marcia;Asciutto;Asfaltata;Verticale ed orizzontale;Sereno;Normale;Buona;Ore Diurne;1;0;0;1;;;-1;;;;Pedone;M;Illeso;0;;;
1882815;1;21/07/2011 10:45;Strada Urbana;PIAZZA DELL'INDIPENDENZA;all'intersezione semaforizzata con;VIA GOITO;VIA GOITO;;;Investimento di pedone;Intersezione semaforizzata;Una carreggiata a senso unico di marcia;Asciutto;Asfaltata;Verticale ed orizzontale;Sereno;Normale;Buona;Ore Diurne;1;0;0;1;;;-1;1;Motociclo a solo;In marcia / fermata / arresto;Conducente;M;Rimandato;0;NON DECEDUTO;Non accertato;Inesistente
1882816;18;21/07/2011 13:40;Strada Urbana;VIA DI BOCCEA;all'intersezione semaforizzata con;VIA MATTIA BATTISTINI;VIA MATTIA BATTISTINI;;;Scontro laterale fra veicoli in marcia;Intersezione semaforizzata;Due carreggiate;Asciutto;Asfaltata;Verticale ed orizzontale;Sereno;Normale;Buona;Ore Diurne;1;0;0;1;;;-1;1;Autovettura privata;In marcia / fermata / arresto;Conducente;M;Illeso;0;;Non accertato;Inesploso
1882816;18;21/07/2011 13:40;Strada Urbana;VIA DI BOCCEA;all'intersezione semaforizzata con;VIA MATTIA BATTISTINI;VIA MATTIA BATTISTINI;;;Scontro laterale fra veicoli in marcia;Intersezione semaforizzata;Due carreggiate;Asciutto;Asfaltata;Verticale ed orizzontale;Sereno;Normale;Buona;Ore Diurne;1;0;0;1;;;-1;2;Motociclo a solo;In marcia / fermata / arresto;Conducente;F;Rimandato;0;NON DECEDUTO;Non accertato;Inesistente
1882817;1;21/07/2011 08:45;Strada Urbana;PONTE PALATINO;in corrispondenza;;del palo luce n. ;4;;Tamponamento;Rettilineo;Una carreggiata a doppio senso;Asciutto;Asfaltata;Verticale ed orizzontale;Sereno;Normale;Buona;Ore Diurne;1;0;0;1;;;-1;1;Autovettura privata;In marcia / fermata / arresto;Conducente;F;Illeso;0;;Non accertato;Inesistente
1882817;1;21/07/2011 08:45;Strada Urbana;PONTE PALATINO;in corrispondenza;;del palo luce n. ;4;;Tamponamento;Rettilineo;Una carreggiata a doppio senso;Asciutto;Asfaltata;Verticale ed orizzontale;Sereno;Normale;Buona;Ore Diurne;1;0;0;1;;;-1;2;Autovettura privata;In marcia / fermata / arresto;Conducente;F;Rimandato;0;NON DECEDUTO;Non accertato;Inesistente
1882818;1;17/07/2011 17:00;Strada Urbana;VIA PANISPERNA;all'intersezione con;VIA DEL BOSCHETTO;VIA DEL BOSCHETTO;;;Scontro frontale/laterale SX fra veicoli in marcia;Incrocio;Una carreggiata a senso unico di marcia;Asciutto;Acciotolata;Verticale;Sereno;Scarso;Buona;Ore Diurne;1;0;0;1;;;-1;1;Autovettura pubblica;In marcia / fermata / arresto;Conducente;M;Illeso;0;;Non accertato;Inesistente
1882818;1;17/07/2011 17:00;Strada Urbana;VIA PANISPERNA;all'intersezione con;VIA DEL BOSCHETTO;VIA DEL BOSCHETTO;;;Scontro frontale/laterale SX fra veicoli in marcia;Incrocio;Una carreggiata a senso unico di marcia;Asciutto;Acciotolata;Verticale;Sereno;Scarso;Buona;Ore Diurne;1;0;0;1;;;-1;2;Motociclo a solo;In marcia / fermata / arresto;Conducente;M;Rifiuta cure immediate;0;NON DECEDUTO;Non accertato;Inesistente
1882819;1;17/07/2011 17:15;Strada Urbana;VIA DEL BOSCHETTO;all'intersezione con;VIA PALERMO;VIA PALERMO;;;Veicolo in marcia contro ostacolo accidentale;Incrocio;Una carreggiata a senso unico di marcia;Viscido da liquidi oleosi;In cubetti di porfido;Assente;Sereno;Scarso;Buona;Ore Diurne;1;0;0;1;;;-1;1;Motociclo con passeggero;In marcia / fermata / arresto;Conducente;M;Illeso;0;;Non accertato;Inesploso
1882819;1;17/07/2011 17:15;Strada Urbana;VIA DEL BOSCHETTO;all'intersezione con;VIA PALERMO;VIA PALERMO;;;Veicolo in marcia contro ostacolo accidentale;Incrocio;Una carreggiata a senso unico di marcia;Viscido da liquidi oleosi;In cubetti di porfido;Assente;Sereno;Scarso;Buona;Ore Diurne;1;0;0;1;;;-1;1;Motociclo con passeggero;In marcia / fermata / arresto;Passeggero;M;Rimandato;0;NON DECEDUTO;Non accertato;Inesploso
1882821;1;17/07/2011 11:45;Strada Urbana;VIA DEGLI ANNIBALDI;all'intersezione con;VIA CAVOUR;VIA CAVOUR;;;Veicolo in marcia contro ostacolo fisso;Intersezione semaforizzata;Una carreggiata a senso unico di marcia;Asciutto;Asfaltata;Verticale ed orizzontale;Sereno;Scarso;Buona;Ore Diurne;0;0;0;2;;;-1;1;Autovettura privata;In marcia / fermata / arresto;Conducente;M;Illeso;0;;Non accertato;Inesploso
1882821;1;17/07/2011 11:45;Strada Urbana;VIA DEGLI ANNIBALDI;all'intersezione con;VIA CAVOUR;VIA CAVOUR;;;Veicolo in marcia contro ostacolo fisso;Intersezione semaforizzata;Una carreggiata a senso unico di marcia;Asciutto;Asfaltata;Verticale ed orizzontale;Sereno;Scarso;Buona;Ore Diurne;0;0;0;2;;;-1;1;Autovettura privata;In marcia / fermata / arresto;Passeggero;M;Illeso;0;;Non accertato;Inesploso
1882822;1;17/07/2011 01:10;Strada Urbana;LUNGOTEVERE DELLA FARNESINA;in prossimità;;del civico n. ;6;;Tamponamento;Rettilineo;Una carreggiata a senso unico di marcia;Asciutto;Asfaltata;Verticale ed orizzontale;Sereno;Intenso;Buona;Sufficiente;2;0;0;5;;;-1;1;Autovettura privata;In marcia / fermata / arresto;Conducente;M;Illeso;0;;Non accertato;Inesistente
1882822;1;17/07/2011 01:10;Strada Urbana;LUNGOTEVERE DELLA FARNESINA;in prossimità;;del civico n. ;6;;Tamponamento;Rettilineo;Una carreggiata a senso unico di marcia;Asciutto;Asfaltata;Verticale ed orizzontale;Sereno;Intenso;Buona;Sufficiente;2;0;0;5;;;-1;2;Autovettura privata;In marcia / fermata / arresto;Conducente;M;Rifiuta cure immediate;0;NON DECEDUTO;Utilizzato;Inesistente
1882822;1;17/07/2011 01:10;Strada Urbana;LUNGOTEVERE DELLA FARNESINA;in prossimità;;del civico n. ;6;;Tamponamento;Rettilineo;Una carreggiata a senso unico di marcia;Asciutto;Asfaltata;Verticale ed orizzontale;Sereno;Intenso;Buona;Sufficiente;2;0;0;5;;;-1;2;Autovettura privata;In marcia / fermata / arresto;Passeggero;M;Illeso;0;;Non accertato;Inesistente
1882822;1;17/07/2011 01:10;Strada Urbana;LUNGOTEVERE DELLA FARNESINA;in prossimità;;del civico n. ;6;;Tamponamento;Rettilineo;Una carreggiata a senso unico di marcia;Asciutto;Asfaltata;Verticale ed orizzontale;Sereno;Intenso;Buona;Sufficiente;2;0;0;5;;;-1;2;Autovettura privata;In marcia / fermata / arresto;Passeggero;M;Illeso;0;;Non accertato;Inesistente
1882822;1;17/07/2011 01:10;Strada Urbana;LUNGOTEVERE DELLA FARNESINA;in prossimità;;del civico n. ;6;;Tamponamento;Rettilineo;Una carreggiata a senso unico di marcia;Asciutto;Asfaltata;Verticale ed orizzontale;Sereno;Intenso;Buona;Sufficiente;2;0;0;5;;;-1;2;Autovettura privata;In marcia / fermata / arresto;Passeggero;M;Illeso;0;;Non accertato;Inesistente
1882822;1;17/07/2011 01:10;Strada Urbana;LUNGOTEVERE DELLA FARNESINA;in prossimità;;del civico n. ;6;;Tamponamento;Rettilineo;Una carreggiata a senso unico di marcia;Asciutto;Asfaltata;Verticale ed orizzontale;Sereno;Intenso;Buona;Sufficiente;2;0;0;5;;;-1;3;Quadriciclo leggero;In marcia / fermata / arresto;Conducente;M;Rimandato;0;NON DECEDUTO;Non accertato;Inesistente
1882824;2;20/07/2011 20:30;Strada Urbana;CORSO TRIESTE;all'intersezione semaforizzata con;PIAZZA ISTRIA;PIAZZA ISTRIA;;;Scontro laterale fra veicoli in marcia;Intersezione semaforizzata;Due carreggiate;Asciutto;Asfaltata;Verticale ed orizzontale;Sereno;Normale;Buona;Sufficiente;0;0;0;3;;;-1;1;Motociclo a solo;In marcia / fermata / arresto;Conducente;F;Illeso;0;;Non accertato;Inesistente
1882824;2;20/07/2011 20:30;Strada Urbana;CORSO TRIESTE;all'intersezione semaforizzata con;PIAZZA ISTRIA;PIAZZA ISTRIA;;;Scontro laterale fra veicoli in marcia;Intersezione semaforizzata;Due carreggiate;Asciutto;Asfaltata;Verticale ed orizzontale;Sereno;Normale;Buona;Sufficiente;0;0;0;3;;;-1;2;Autovettura privata;In marcia / fermata / arresto;Conducente;F;Illeso;0;;Non accertato;Inesistente