Protocollo;Gruppo;DataOraIncidente;Localizzazione1;STRADA1;Localizzazione2;STRADA2;Strada02;Chilometrica;DaSpecificare;NaturaIncidente;particolaritastrade;TipoStrada;FondoStradale;Pavimentazione;Segnaletica;CondizioneAtmosferica;Traffico;Visibilita;Illuminazione;NUM_FERITI;NUM_RISERVATA;NUM_MORTI;NUM_ILLESI;Longitudine;Latitudine;Confermato;Progressivo;TipoVeicolo;StatoVeicolo;TipoPersona;Sesso;Tipolesione;Deceduto;DecedutoDopo;CinturaCascoUtilizzato;Airbag
1883239;3;25/07/2011 11:40;Strada Urbana;PIAZZALE DELLE PROVINCIE;all'intersezione con;VIALE DELLE PROVINCIE;VIALE DELLE PROVINCIE;;;Scontro frontale/laterale DX fra veicoli in marcia;Intersezione stradale segnalata;Una carreggiata a senso unico di marcia;Asciutto;Asfaltata;Verticale ed orizzontale;Sereno;Intenso;Buona;Ore Diurne;1;0;0;3;;;-1;1;Autovettura privata;In marcia / fermata / arresto;Conducente;M;Illeso;0;;Non accertato;Inesploso
1883239;3;25/07/2011 11:40;Strada Urbana;PIAZZALE DELLE PROVINCIE;all'intersezione con;VIALE DELLE PROVINCIE;VIALE DELLE PROVINCIE;;;Scontro frontale/laterale DX fra veicoli in marcia;Intersezione stradale segnalata;Una carreggiata a senso unico di marcia;Asciutto;Asfaltata;Verticale ed orizzontale;Sereno;Intenso;Buona;Ore Diurne;1;0;0;3;;;-1;1;Autovettura privata;In marcia / fermata / arresto;Passeggero;M;Illeso;0;;Non accertato;Inesploso
1883239;3;25/07/2011 11:40;Strada Urbana;PIAZZALE DELLE PROVINCIE;all'intersezione con;VIALE DELLE PROVINCIE;VIALE DELLE PROVINCIE;;;Scontro frontale/laterale DX fra veicoli in marcia;Intersezione stradale segnalata;Una carreggiata a senso unico di marcia;Asciutto;Asfaltata;Verticale ed orizzontale;Sereno;Intenso;Buona;Ore Diurne;1;0;0;3;;;-1;1;Autovettura privata;In marcia / fermata / arresto;Passeggero;F;Illeso;0;;Non accertato;Inesploso
1883239;3;25/07/2011 11:40;Strada Urbana;PIAZZALE DELLE PROVINCIE;all'intersezione con;VIALE DELLE PROVINCIE;VIALE DELLE PROVINCIE;;;Scontro frontale/laterale DX fra veicoli in marcia;Intersezione stradale segnalata;Una carreggiata a senso unico di marcia;Asciutto;Asfaltata;Verticale ed orizzontale;Sereno;Intenso;Buona;Ore Diurne;1;0;0;3;;;-1;2;Motociclo a solo;In marcia / fermata / arresto;Conducente;F;Rimandato;0;NON DECEDUTO;Non accertato;Inesistente
1883240;6;21/07/2011 08:05;Strada Urbana;VIA DI PORTA FURBA;all'intersezione con;VIA DEGLI OPPII;VIA DEGLI OPPII;;;Scontro laterale fra veicoli in marcia;Intersezione stradale segnalata;Una carreggiata a doppio senso;Asciutto;Asfaltata;Orizzontale;Sereno;Intenso;Buona;Ore Diurne;1;0;0;1;;;-1;1;Motociclo a solo;In marcia / fermata / arresto;Conducente;M;Rifiuta cure immediate;0;NON DECEDUTO;Non accertato;Inesistente
1883240;6;21/07/2011 08:05;Strada Urbana;VIA DI PORTA FURBA;all'intersezione con;VIA DEGLI OPPII;VIA DEGLI OPPII;;;Scontro laterale fra veicoli in marcia;Intersezione stradale segnalata;Una carreggiata a doppio senso;Asciutto;Asfaltata;Orizzontale;Sereno;Intenso;Buona;Ore Diurne;1;0;0;1;;;-1;2;Autovettura privata;In marcia / fermata / arresto;Conducente;M;Illeso;0;;Non accertato;Inesistente
1883241;6;21/07/2011 16:00;Strada Urbana;LARGO PRENESTE;da specificare;;;;fronte Via di Portonaccio direzione Gra;Scontro frontale/laterale SX fra veicoli in marcia;Rettilineo;Più di due carreggiate;Asciutto;Asfaltata;Verticale ed orizzontale;Sereno;Normale;Buona;Ore Diurne;0;0;0;2;;;-1;1;Vettura tranviaria;In marcia / fermata / arresto;Conducente;M;Illeso;0;;Non accertato;Inesistente
1883241;6;21/07/2011 16:00;Strada Urbana;LARGO PRENESTE;da specificare;;;;fronte Via di Portonaccio direzione Gra;Scontro frontale/laterale SX fra veicoli in marcia;Rettilineo;Più di due carreggiate;Asciutto;Asfaltata;Verticale ed orizzontale;Sereno;Normale;Buona;Ore Diurne;0;0;0;2;;;-1;2;Autovettura privata;In marcia / fermata / arresto;Conducente;M;Illeso;0;;Non accertato;Inesploso
1883242;6;22/07/2011 12:00;Strada Urbana;VIA GENAZZANO;in prossimità;;del civico n. ;4;;Veicolo in marcia contro veicolo in sosta;Rettilineo;Una carreggiata a senso unico di marcia;Asciutto;Asfaltata;Verticale ed orizzontale;Sereno;Normale;Buona;Ore Diurne;0;0;0;1;;;-1;1;Autocarro superiore 35 q.;In marcia / fermata / arresto;Conducente;M;Illeso;0;;Non accertato;Inesistente
1883243;6;25/07/2011 06:00;Strada Urbana;VIALE DELLA PRIMAVERA;in corrispondenza;;del civico n. ;59;;Veicolo in marcia contro veicoli in sosta;Rettilineo;Due carreggiate;Asciutto;Asfaltata;Orizzontale;Sereno;Scarso;Buona;Ore Diurne;0;0;0;1;;;-1;4;Motociclo a solo;In marcia / fermata / arresto;Conducente;M;Illeso;0;;Non accertato;Inesistente
1883244;6;25/07/2011 16:00;Strada Urbana;VIA BRACCIO DA MONTONE;all'intersezione con;VIA GIOVANNI BRANCALEONE;VIA GIOVANNI BRANCALEONE;;;Scontro frontale/laterale DX fra veicoli in marcia;Incrocio;Una carreggiata a senso unico di marcia;Asciutto;Asfaltata;Verticale ed orizzontale;Sereno;Normale;Buona;Ore Diurne;0;0;0;2;;;-1;1;Autovettura privata;In marcia / fermata / arresto;Conducente;F;Illeso;0;;Non accertato;Inesistente
1883244;6;25/07/2011 16:00;Strada Urbana;VIA BRACCIO DA MONTONE;all'intersezione con;VIA GIOVANNI BRANCALEONE;VIA GIOVANNI BRANCALEONE;;;Scontro frontale/laterale DX fra veicoli in marcia;Incrocio;Una carreggiata a senso unico di marcia;Asciutto;Asfaltata;Verticale ed orizzontale;Sereno;Normale;Buona;Ore Diurne;0;0;0;2;;;-1;2;Autovettura privata;In marcia / fermata / arresto;Conducente;F;Illeso;0;;Non accertato;Inesploso
1883245;6;25/07/2011 17:10;Strada Urbana;VIA PRENESTINA;in prossimità;;del civico n. ;172;;Veicolo in marcia contro veicolo in sosta;Rettilineo;Più di due carreggiate;Asciutto;Asfaltata;Verticale ed orizzontale;Sereno;Normale;Buona;Ore Diurne;0;0;0;1;;;-1;1;Autovettura privata;In marcia / fermata / arresto;Conducente;M;Illeso;0;;Non accertato;Inesploso
1883246;6;26/07/2011 09:00;Strada Urbana;VIA DI CENTOCELLE;in prossimità;;del palo luce n. ;25;;Scontro frontale/laterale SX fra veicoli in marcia;Rettilineo;Una carreggiata a doppio senso;Asciutto;Asfaltata;Orizzontale;Sereno;Normale;Buona;Ore Diurne;0;0;0;2;;;-1;1;Motociclo a solo;In marcia / fermata / arresto;Conducente;M;Illeso;0;;Non accertato;Inesistente
1883246;6;26/07/2011 09:00;Strada Urbana;VIA DI CENTOCELLE;in prossimità;;del palo luce n. ;25;;Scontro frontale/laterale SX fra veicoli in marcia;Rettilineo;Una carreggiata a doppio senso;Asciutto;Asfaltata;Orizzontale;Sereno;Normale;Buona;Ore Diurne;0;0;0;2;;;-1;2;Autovettura privata;In marcia / fermata / arresto;Conducente;F;Illeso;0;;Non accertato;Inesistente
1883248;2;26/07/2011 10:50;Strada Urbana;VIA NEMORENSE;all'intersezione con;PIAZZA CRATI;PIAZZA CRATI;;;Scontro frontale/laterale DX fra veicoli in marcia;Incrocio;Una carreggiata a doppio senso;Asciutto;Asfaltata;Verticale ed orizzontale;Sereno;Normale;Buona;Ore Diurne;0;0;0;3;;;-1;1;Autovettura privata;In marcia / fermata / arresto;Conducente;M;Illeso;0;;Non accertato;Inesploso
1883248;2;26/07/2011 10:50;Strada Urbana;VIA NEMORENSE;all'intersezione con;PIAZZA CRATI;PIAZZA CRATI;;;Scontro frontale/laterale DX fra veicoli in marcia;Incrocio;Una carreggiata a doppio senso;Asciutto;Asfaltata;Verticale ed orizzontale;Sereno;Normale;Buona;Ore Diurne;0;0;0;3;;;-1;1;Autovettura privata;In marcia / fermata / arresto;Passeggero;F;Illeso;0;;Non accertato;Inesploso
1883248;2;26/07/2011 10:50;Strada Urbana;VIA NEMORENSE;all'intersezione con;PIAZZA CRATI;PIAZZA CRATI;;;Scontro frontale/laterale DX fra veicoli in marcia;Incrocio;Una carreggiata a doppio senso;Asciutto;Asfaltata;Verticale ed orizzontale;Sereno;Normale;Buona;Ore Diurne;0;0;0;3;;;-1;2;Autobus urbano;In marcia / fermata / arresto;Conducente;M;Illeso;0;;Non utilizzato;Inesploso
1883249;1;22/07/2011 16:10;Strada Urbana;VIA MARSALA;in prossimità;;del civico n. ;100;;Scontro laterale fra veicoli in marcia;Rettilineo;Una carreggiata a senso unico di marcia;Asciutto;Acciotolata;Assente;Sereno;Intenso;Buona;Ore Diurne;0;0;0;2;;;-1;1;Altro;In marcia / fermata / arresto;Conducente;M;Illeso;0;;Non accertato;Inesploso
1883249;1;22/07/2011 16:10;Strada Urbana;VIA MARSALA;in prossimità;;del civico n. ;100;;Scontro laterale fra veicoli in marcia;Rettilineo;Una carreggiata a senso unico di marcia;Asciutto;Acciotolata;Assente;Sereno;Intenso;Buona;Ore Diurne;0;0;0;2;;;-1;2;Autovettura privata;In marcia / fermata / arresto;Conducente;M;Illeso;0;;Non accertato;Inesploso
1883250;1;22/07/2011 15:00;Strada Urbana;VIALE CASTRO PRETORIO;all'intersezione semaforizzata con;VIA GAETA;VIA GAETA;;;Tamponamento;Intersezione semaforizzata;Due carreggiate;Asciutto;Asfaltata;Verticale ed orizzontale;Sereno;Intenso;Buona;Ore Diurne;0;0;0;3;;;-1;1;Autovettura privata;In marcia / fermata / arresto;Conducente;M;Illeso;0;;Non accertato;Inesistente
1883250;1;22/07/2011 15:00;Strada Urbana;VIALE CASTRO PRETORIO;all'intersezione semaforizzata con;VIA GAETA;VIA GAETA;;;Tamponamento;Intersezione semaforizzata;Due carreggiate;Asciutto;Asfaltata;Verticale ed orizzontale;Sereno;Intenso;Buona;Ore Diurne;0;0;0;3;;;-1;1;Autovettura privata;In marcia / fermata / arresto;Passeggero;F;Illeso;0;;Non accertato;Inesistente
1883250;1;22/07/2011 15:00;Strada Urbana;VIALE CASTRO PRETORIO;all'intersezione semaforizzata con;VIA GAETA;VIA GAETA;;;Tamponamento;Intersezione semaforizzata;Due carreggiate;Asciutto;Asfaltata;Verticale ed orizzontale;Sereno;Intenso;Buona;Ore Diurne;0;0;0;3;;;-1;2;Altro;In marcia / fermata / arresto;Conducente;M;Illeso;0;;Non accertato;Inesistente
1883251;1;22/07/2011 18:50;Strada Urbana;VIA VARESE;all'intersezione con;VIA MARGHERA;VIA MARGHERA;;;Scontro laterale fra veicoli in marcia;Incrocio;Una carreggiata a senso unico di marcia;Asciutto;Asfaltata;Verticale ed orizzontale;Sereno;Scarso;Buona;Ore Diurne;2;0;0;2;;;-1;1;Autovettura privata;In marcia / fermata / arresto;Conducente;F;Illeso;0;;Utilizzato;Inesistente
1883251;1;22/07/2011 18:50;Strada Urbana;VIA VARESE;all'intersezione con;VIA MARGHERA;VIA MARGHERA;;;Scontro laterale fra veicoli in marcia;Incrocio;Una carreggiata a senso unico di marcia;Asciutto;Asfaltata;Verticale ed orizzontale;Sereno;Scarso;Buona;Ore Diurne;2;0;0;2;;;-1;1;Autovettura privata;In marcia / fermata / arresto;Passeggero;F;Illeso;0;;Utilizzato;Inesistente
1883251;1;22/07/2011 18:50;Strada Urbana;VIA VARESE;all'intersezione con;VIA MARGHERA;VIA MARGHERA;;;Scontro laterale fra veicoli in marcia;Incrocio;Una carreggiata a senso unico di marcia;Asciutto;Asfaltata;Verticale ed orizzontale;Sereno;Scarso;Buona;Ore Diurne;2;0;0;2;;;-1;2;Motociclo con passeggero;In marcia / fermata / arresto;Conducente;M;Rimandato;0;NON DECEDUTO;Non accertato;Inesistente
1883251;1;22/07/2011 18:50;Strada Urbana;VIA VARESE;all'intersezione con;VIA MARGHERA;VIA MARGHERA;;;Scontro laterale fra veicoli in marcia;Incrocio;Una carreggiata a senso unico di marcia;Asciutto;Asfaltata;Verticale ed orizzontale;Sereno;Scarso;Buona;Ore Diurne;2;0;0;2;;;-1;2;Motociclo con passeggero;In marcia / fermata / arresto;Passeggero;F;Ricoverato;0;NON DECEDUTO;Non accertato;Inesistente
1883252;1;22/07/2011 07:15;Strada Urbana;VIA DELLA GRECA;all'intersezione con;LUNGOTEVERE DEI PIERLEONI;LUNGOTEVERE DEI PIERLEONI;;;Tamponamento;Incrocio;Una carreggiata a senso unico di marcia;Asciutto;Asfaltata;Verticale ed orizzontale;Sereno;Normale;Buona;Ore Diurne;1;0;0;1;;;-1;1;Motociclo a solo;In marcia / fermata / arresto;Conducente;M;Rimandato;0;NON DECEDUTO;Non accertato;Inesistente
1883252;1;22/07/2011 07:15;Strada Urbana;VIA DELLA GRECA;all'intersezione con;LUNGOTEVERE DEI PIERLEONI;LUNGOTEVERE DEI PIERLEONI;;;Tamponamento;Incrocio;Una carreggiata a senso unico di marcia;Asciutto;Asfaltata;Verticale ed orizzontale;Sereno;Normale;Buona;Ore Diurne;1;0;0;1;;;-1;2;Autovettura privata;In marcia / fermata / arresto;Conducente;F;Illeso;0;;Non accertato;Inesistente
1883254;1;22/07/2011 07:05;Strada Urbana;PIAZZA VENEZIA;da specificare;;;;fine piazza dell ara coeli ;Veicolo in marcia contro ostacolo accidentale;Curva a visuale libera;Una carreggiata a doppio senso;Viscido da liquidi oleosi;In cubetti di porfido;Verticale ed orizzontale;Sereno;Normale;Sufficiente;Ore Diurne;0;0;0;1;;;-1;1;Motociclo a solo;In marcia / fermata / arresto;Conducente;M;Illeso;0;;Utilizzato;Inesistente
1883256;16;14/07/2011 18:15;Strada Urbana;PIAZZA S. GIOVANNI DI DIO;da specificare;;;;fronte civico 4 ENTRATA PARCHEGGIO MERCATO;Tamponamento Multiplo;Rettilineo;Due carreggiate;Asciutto;Asfaltata;Verticale ed orizzontale;Sereno;Normale;Buona;Ore Diurne;0;0;0;3;;;-1;1;Autovettura privata;In marcia / fermata / arresto;Conducente;F;Illeso;0;;Non accertato;Inesistente
1883256;16;14/07/2011 18:15;Strada Urbana;PIAZZA S. GIOVANNI DI DIO;da specificare;;;;fronte civico 4 ENTRATA PARCHEGGIO MERCATO;Tamponamento Multiplo;Rettilineo;Due carreggiate;Asciutto;Asfaltata;Verticale ed orizzontale;Sereno;Normale;Buona;Ore Diurne;0;0;0;3;;;-1;2;Autovettura privata;In marcia / fermata / arresto;Conducente;F;Illeso;0;;Non accertato;Inesistente
1883256;16;14/07/2011 18:15;Strada Urbana;PIAZZA S. GIOVANNI DI DIO;da specificare;;;;fronte civico 4 ENTRATA PARCHEGGIO MERCATO;Tamponamento Multiplo;Rettilineo;Due carreggiate;Asciutto;Asfaltata;Verticale ed orizzontale;Sereno;Normale;Buona;Ore Diurne;0;0;0;3;;;-1;3;Autovettura privata;In marcia / fermata / arresto;Conducente;M;Illeso;0;;Non accertato;Inesistente
1883257;16;22/07/2011 16:30;Strada Urbana;VIALE DEI COLLI PORTUENSI;in corrispondenza;;del civico n. ;197;;Tamponamento;Rettilineo;Una carreggiata a senso unico di marcia;Asciutto;Asfaltata;Verticale ed orizzontale;Sereno;Normale;Buona;Ore Diurne;0;0;0;2;;;-1;1;Autovettura privata;In marcia / fermata / arresto;Conducente;M;Illeso;0;;Non accertato;Inesploso
1883257;16;22/07/2011 16:30;Strada Urbana;VIALE DEI COLLI PORTUENSI;in corrispondenza;;del civico n. ;197;;Tamponamento;Rettilineo;Una carreggiata a senso unico di marcia;Asciutto;Asfaltata;Verticale ed orizzontale;Sereno;Normale;Buona;Ore Diurne;0;0;0;2;;;-1;2;Autocarro inferiore 35 q.;In marcia / fermata / arresto;Conducente;M;Illeso;0;;Non accertato;Inesploso
1883258;16;25/07/2011 08:00;Strada Urbana;VIA DEGLI ALDOBRANDESCHI;in prossimità;;del civico n. ;223;;Scontro laterale fra veicoli in marcia;Curva a visuale libera;Una carreggiata a senso unico di marcia;Asciutto;Asfaltata;Verticale ed orizzontale;Sereno;Scarso;Buona;Ore Diurne;0;0;0;1;;;-1;1;Autovettura privata;In marcia / fermata / arresto;Conducente;M;Illeso;0;;Non accertato;Inesploso
1883259;16;25/07/2011 11:15;Strada Urbana;LARGO GAETANO LA LOGGIA;in corrispondenza;;del palo luce n. ;20;;Veicolo in marcia contro veicolo arresto;Rettilineo;Una carreggiata a senso unico di marcia;Asciutto;Asfaltata;Verticale ed orizzontale;Sereno;Normale;Buona;Ore Diurne;0;0;0;3;;;-1;1;Autovettura di polizia;In marcia / fermata / arresto;Conducente;M;Illeso;0;;Non accertato;Inesploso
1883259;16;25/07/2011 11:15;Strada Urbana;LARGO GAETANO LA LOGGIA;in corrispondenza;;del palo luce n. ;20;;Veicolo in marcia contro veicolo arresto;Rettilineo;Una carreggiata a senso unico di marcia;Asciutto;Asfaltata;Verticale ed orizzontale;Sereno;Normale;Buona;Ore Diurne;0;0;0;3;;;-1;1;Autovettura di polizia;In marcia / fermata / arresto;Passeggero;M;Illeso;0;;Non accertato;Inesistente
1883259;16;25/07/2011 11:15;Strada Urbana;LARGO GAETANO LA LOGGIA;in corrispondenza;;del palo luce n. ;20;;Veicolo in marcia contro veicolo arresto;Rettilineo;Una carreggiata a senso unico di marcia;Asciutto;Asfaltata;Verticale ed orizzontale;Sereno;Normale;Buona;Ore Diurne;0;0;0;3;;;-1;2;Autovettura privata;In marcia / fermata / arresto;Conducente;M;Illeso;0;;Non accertato;Inesploso
1883260;1;22/07/2011 08:10;Strada Urbana;PIAZZA VENEZIA;da specificare;;;;PZA S. MARCO LATO ALTARE DELLA PATRIA ;Veicolo in marcia contro ostacolo accidentale;Curva a visuale libera;Una carreggiata a senso unico di marcia;Sdrucciolevole (pietrisco);In cubetti di porfido;Verticale ed orizzontale;Sereno;Intenso;Buona;Ore Diurne;2;0;0;0;;;-1;1;Motociclo con passeggero;In marcia / fermata / arresto;Conducente;M;Rimandato;0;NON DECEDUTO;Non accertato;Inesistente
1883260;1;22/07/2011 08:10;Strada Urbana;PIAZZA VENEZIA;da specificare;;;;PZA S. MARCO LATO ALTARE DELLA PATRIA ;Veicolo in marcia contro ostacolo accidentale;Curva a visuale libera;Una carreggiata a senso unico di marcia;Sdrucciolevole (pietrisco);In cubetti di porfido;Verticale ed orizzontale;Sereno;Intenso;Buona;Ore Diurne;2;0;0;0;;;-1;1;Motociclo con passeggero;In marcia / fermata / arresto;Passeggero;F;Rimandato;0;NON DECEDUTO;Non accertato;Inesistente
1883261;1;22/07/2011 15:00;Strada Urbana;PIAZZA DI S. GIOVANNI IN LATERANO;in corrispondenza;;del civico n. ;84;;Tamponamento;Rettilineo;Una carreggiata a doppio senso;Asciutto;Asfaltata;Verticale ed orizzontale;Sereno;Intenso;Buona;Ore Diurne;0;0;0;2;;;-1;1;Autovettura privata;In marcia / fermata / arresto;Conducente;M;Illeso;0;;Non accertato;Inesistente
1883261;1;22/07/2011 15:00;Strada Urbana;PIAZZA DI S. GIOVANNI IN LATERANO;in corrispondenza;;del civico n. ;84;;Tamponamento;Rettilineo;Una carreggiata a doppio senso;Asciutto;Asfaltata;Verticale ed orizzontale;Sereno;Intenso;Buona;Ore Diurne;0;0;0;2;;;-1;2;Motociclo a solo;In marcia / fermata / arresto;Conducente;M;Illeso;0;;Utilizzato;Inesistente
1883263;1;22/07/2011 12:15;Strada Urbana;VIA DEL CORSO;in corrispondenza;;del civico n. ;194;;Tamponamento;Rettilineo;Una carreggiata a doppio senso;Asciutto;Asfaltata;Verticale ed orizzontale;Sereno;Intenso;Buona;Ore Diurne;0;0;0;3;;;-1;1;Autovettura di polizia;In marcia / fermata / arresto;Conducente;M;Illeso;0;;Non accertato;Inesistente
1883263;1;22/07/2011 12:15;Strada Urbana;VIA DEL CORSO;in corrispondenza;;del civico n. ;194;;Tamponamento;Rettilineo;Una carreggiata a doppio senso;Asciutto;Asfaltata;Verticale ed orizzontale;Sereno;Intenso;Buona;Ore Diurne;0;0;0;3;;;-1;1;Autovettura di polizia;In marcia / fermata / arresto;Passeggero;M;Illeso;0;;Non accertato;Inesistente
1883263;1;22/07/2011 12:15;Strada Urbana;VIA DEL CORSO;in corrispondenza;;del civico n. ;194;;Tamponamento;Rettilineo;Una carreggiata a doppio senso;Asciutto;Asfaltata;Verticale ed orizzontale;Sereno;Intenso;Buona;Ore Diurne;0;0;0;3;;;-1;2;Autovettura privata;In marcia / fermata / arresto;Conducente;M;Illeso;0;;Non accertato;Inesistente
1883265;18;09/07/2011 15:20;Strada Urbana;VIA TEMISTOCLE CALISTI;all'intersezione con;VIA FRANCESCO AZZURRI;VIA FRANCESCO AZZURRI;;;Scontro frontale/laterale DX fra veicoli in marcia;Incrocio;Una carreggiata a senso unico di marcia;Asciutto;Asfaltata;Verticale ed orizzontale;Sereno;Scarso;Buona;Ore Diurne;0;0;0;3;;;-1;1;Autovettura privata;In marcia / fermata / arresto;Conducente;F;Illeso;0;;Non accertato;Inesploso
1883265;18;09/07/2011 15:20;Strada Urbana;VIA TEMISTOCLE CALISTI;all'intersezione con;VIA FRANCESCO AZZURRI;VIA FRANCESCO AZZURRI;;;Scontro frontale/laterale DX fra veicoli in marcia;Incrocio;Una carreggiata a senso unico di marcia;Asciutto;Asfaltata;Verticale ed orizzontale;Sereno;Scarso;Buona;Ore Diurne;0;0;0;3;;;-1;1;Autovettura privata;In marcia / fermata / arresto;Passeggero;F;Illeso;0;;Non accertato;Inesploso
1883265;18;09/07/2011 15:20;Strada Urbana;VIA TEMISTOCLE CALISTI;all'intersezione con;VIA FRANCESCO AZZURRI;VIA FRANCESCO AZZURRI;;;Scontro frontale/laterale DX fra veicoli in marcia;Incrocio;Una carreggiata a senso unico di marcia;Asciutto;Asfaltata;Verticale ed orizzontale;Sereno;Scarso;Buona;Ore Diurne;0;0;0;3;;;-1;2;Autocarro inferiore 35 q.;In marcia / fermata / arresto;Conducente;M;Illeso;0;;Non accertato;Inesistente
1883267;2;26/07/2011 14:45;Strada Urbana;VIA RUGGERO FAURO;all'intersezione con;VIA CARLO STUPARICH;VIA CARLO STUPARICH;;;Scontro frontale/laterale SX fra veicoli in marcia;Incrocio;Una carreggiata a senso unico di marcia;Asciutto;Asfaltata;Verticale;Sereno;Normale;Buona;Ore Diurne;0;0;0;3;;;-1;1;Autovettura privata;In marcia / fermata / arresto;Conducente;M;Illeso;0;;Non accertato;Inesistente
1883267;2;26/07/2011 14:45;Strada Urbana;VIA RUGGERO FAURO;all'intersezione con;VIA CARLO STUPARICH;VIA CARLO STUPARICH;;;Scontro frontale/laterale SX fra veicoli in marcia;Incrocio;Una carreggiata a senso unico di marcia;Asciutto;Asfaltata;Verticale;Sereno;Normale;Buona;Ore Diurne;0;0;0;3;;;-1;1;Autovettura privata;In marcia / fermata / arresto;Passeggero;F;Illeso;0;;Non accertato;Inesistente
1883267;2;26/07/2011 14:45;Strada Urbana;VIA RUGGERO FAURO;all'intersezione con;VIA CARLO STUPARICH;VIA CARLO STUPARICH;;;Scontro frontale/laterale SX fra veicoli in marcia;Incrocio;Una carreggiata a senso unico di marcia;Asciutto;Asfaltata;Verticale;Sereno;Normale;Buona;Ore Diurne;0;0;0;3;;;-1;2;Autovettura privata;In marcia / fermata / arresto;Conducente;M;Illeso;0;;Non accertato;Inesistente
1883272;2;25/07/2011 10:00;Strada Urbana;VIA GREGORIO ALLEGRI;in prossimità;;del civico n. ;14;;Scontro frontale/laterale SX fra veicoli in marcia;Rettilineo;Una carreggiata a senso unico di marcia;Asciutto;Asfaltata;Verticale ed orizzontale;Sereno;Normale;Buona;Ore Diurne;0;0;0;2;;;-1;1;Autovettura privata;In marcia / fermata / arresto;Conducente;F;Illeso;0;;Non accertato;Inesistente
1883272;2;25/07/2011 10:00;Strada Urbana;VIA GREGORIO ALLEGRI;in prossimità;;del civico n. ;14;;Scontro frontale/laterale SX fra veicoli in marcia;Rettilineo;Una carreggiata a senso unico di marcia;Asciutto;Asfaltata;Verticale ed orizzontale;Sereno;Normale;Buona;Ore Diurne;0;0;0;2;;;-1;2;Autocarro inferiore 35 q.;In marcia / fermata / arresto;Conducente;M;Illeso;0;;Non accertato;Inesistente
1883274;16;18/07/2011 10:00;Strada Urbana;VIA ALESSANDRO POERIO;all'intersezione con;VIA FRATELLI BANDIERA;VIA FRATELLI BANDIERA;;;Scontro frontale/laterale SX fra veicoli in marcia;Incrocio;Una carreggiata a senso unico di marcia;Asciutto;Asfaltata;Verticale ed orizzontale;Sereno;Normale;Buona;Ore Diurne;1;0;0;1;;;-1;1;Autovettura privata;In marcia / fermata / arresto;Conducente;F;Illeso;0;;Non accertato;Inesistente
1883274;16;18/07/2011 10:00;Strada Urbana;VIA ALESSANDRO POERIO;all'intersezione con;VIA FRATELLI BANDIERA;VIA FRATELLI BANDIERA;;;Scontro frontale/laterale SX fra veicoli in marcia;Incrocio;Una carreggiata a senso unico di marcia;Asciutto;Asfaltata;Verticale ed orizzontale;Sereno;Normale;Buona;Ore Diurne;1;0;0;1;;;-1;2;Motociclo a solo;In marcia / fermata / arresto;Conducente;M;Rimandato;0;NON DECEDUTO;Non accertato;Inesistente
1883275;2;25/07/2011 10:00;Strada Urbana;VIA PIEDILUCO;in corrispondenza;;del civico n. ;12/a;;Veicolo in marcia contro veicolo in sosta;Rettilineo;Una carreggiata a senso unico di marcia;Asciutto;Asfaltata;Verticale;Sereno;Scarso;Buona;Ore Diurne;0;0;0;1;;;-1;2;Autovettura privata;In marcia / fermata / arresto;Conducente;F;Illeso;0;;Non accertato;Inesistente
1883276;12;26/07/2011 15:40;Strada Urbana;VIA CRISTOFORO COLOMBO;da specificare;;;;prossimità P.LE XXV MARZO 1957;Tamponamento Multiplo;Rettilineo;Due carreggiate;Asciutto;Asfaltata;Orizzontale;Sereno;Normale;Buona;Ore Diurne;0;0;0;4;;;-1;1;Autovettura privata;In marcia / fermata / arresto;Conducente;F;Illeso;0;;Utilizzato;Esploso
1883276;12;26/07/2011 15:40;Strada Urbana;VIA CRISTOFORO COLOMBO;da specificare;;;;prossimità P.LE XXV MARZO 1957;Tamponamento Multiplo;Rettilineo;Due carreggiate;Asciutto;Asfaltata;Orizzontale;Sereno;Normale;Buona;Ore Diurne;0;0;0;4;;;-1;1;Autovettura privata;In marcia / fermata / arresto;Passeggero;M;Illeso;0;;Utilizzato;Inesistente
1883276;12;26/07/2011 15:40;Strada Urbana;VIA CRISTOFORO COLOMBO;da specificare;;;;prossimità P.LE XXV MARZO 1957;Tamponamento Multiplo;Rettilineo;Due carreggiate;Asciutto;Asfaltata;Orizzontale;Sereno;Normale;Buona;Ore Diurne;0;0;0;4;;;-1;2;Autovettura privata;In marcia / fermata / arresto;Conducente;F;Illeso;0;;Utilizzato;Esploso
1883276;12;26/07/2011 15:40;Strada Urbana;VIA CRISTOFORO COLOMBO;da specificare;;;;prossimità P.LE XXV MARZO 1957;Tamponamento Multiplo;Rettilineo;Due carreggiate;Asciutto;Asfaltata;Orizzontale;Sereno;Normale;Buona;Ore Diurne;0;0;0;4;;;-1;3;Autovettura privata;In marcia / fermata / arresto;Conducente;M;Illeso;0;;Utilizzato;Inesploso
1883278;16;14/07/2011 18:45;Strada Urbana;VIALE ISACCO NEWTON;in prossimità;;del civico n. ;65;;Tamponamento;Rettilineo;Due carreggiate;Asciutto;Asfaltata;Verticale ed orizzontale;Sereno;Normale;Buona;Ore Diurne;2;0;0;1;;;-1;1;Autovettura privata;In marcia / fermata / arresto;Conducente;M;Rimandato;0;NON DECEDUTO;Non accertato;Inesistente