Protocollo;Gruppo;DataOraIncidente;Localizzazione1;STRADA1;Localizzazione2;STRADA2;Strada02;Chilometrica;DaSpecificare;NaturaIncidente;particolaritastrade;TipoStrada;FondoStradale;Pavimentazione;Segnaletica;CondizioneAtmosferica;Traffico;Visibilita;Illuminazione;NUM_FERITI;NUM_RISERVATA;NUM_MORTI;NUM_ILLESI;Longitudine;Latitudine;Confermato;Progressivo;TipoVeicolo;StatoVeicolo;TipoPersona;Sesso;Tipolesione;Deceduto;DecedutoDopo;CinturaCascoUtilizzato;Airbag
1883947;12;28/07/2011 16:00;Provinciale;VIA DELLA SOLFARATA;da specificare;;;;fronte deposito Bartolini;Veicolo in marcia contro ostacolo fisso;Curva senza visuale libera;Una carreggiata a doppio senso;Asciutto;Asfaltata;Verticale ed orizzontale;Sereno;Normale;Buona;Ore Diurne;1;0;0;1;;;-1;1;Autovettura privata;In marcia / fermata / arresto;Conducente;F;Illeso;0;;Utilizzato;Inesploso
1883947;12;28/07/2011 16:00;Provinciale;VIA DELLA SOLFARATA;da specificare;;;;fronte deposito Bartolini;Veicolo in marcia contro ostacolo fisso;Curva senza visuale libera;Una carreggiata a doppio senso;Asciutto;Asfaltata;Verticale ed orizzontale;Sereno;Normale;Buona;Ore Diurne;1;0;0;1;;;-1;1;Autovettura privata;In marcia / fermata / arresto;Passeggero;M;Rimandato;0;NON DECEDUTO;Utilizzato;Inesploso
1883948;12;29/07/2011 11:20;Strada Urbana;VIA CRISTOFORO COLOMBO;da specificare;;;;direzione GRA  prossimità viale dell' Umanesimo;Scontro laterale fra veicoli in marcia;Rettilineo;Due carreggiate;Asciutto;Asfaltata;Verticale ed orizzontale;Sereno;Normale;Buona;Ore Diurne;0;0;0;4;;;-1;1;Autovettura privata;In marcia / fermata / arresto;Conducente;F;Illeso;0;;Utilizzato;Inesploso
1883948;12;29/07/2011 11:20;Strada Urbana;VIA CRISTOFORO COLOMBO;da specificare;;;;direzione GRA  prossimità viale dell' Umanesimo;Scontro laterale fra veicoli in marcia;Rettilineo;Due carreggiate;Asciutto;Asfaltata;Verticale ed orizzontale;Sereno;Normale;Buona;Ore Diurne;0;0;0;4;;;-1;1;Autovettura privata;In marcia / fermata / arresto;Passeggero;F;Illeso;0;;Utilizzato;Inesploso
1883948;12;29/07/2011 11:20;Strada Urbana;VIA CRISTOFORO COLOMBO;da specificare;;;;direzione GRA  prossimità viale dell' Umanesimo;Scontro laterale fra veicoli in marcia;Rettilineo;Due carreggiate;Asciutto;Asfaltata;Verticale ed orizzontale;Sereno;Normale;Buona;Ore Diurne;0;0;0;4;;;-1;2;Autovettura privata;In marcia / fermata / arresto;Conducente;F;Illeso;0;;Utilizzato;Inesploso
1883948;12;29/07/2011 11:20;Strada Urbana;VIA CRISTOFORO COLOMBO;da specificare;;;;direzione GRA  prossimità viale dell' Umanesimo;Scontro laterale fra veicoli in marcia;Rettilineo;Due carreggiate;Asciutto;Asfaltata;Verticale ed orizzontale;Sereno;Normale;Buona;Ore Diurne;0;0;0;4;;;-1;2;Autovettura privata;In marcia / fermata / arresto;Passeggero;F;Illeso;0;;Utilizzato;Inesploso
1883955;9;04/07/2011 23:30;Strada Urbana;VIA CASILINA;da specificare;;;;ALT. CIV. 23;Veicolo in marcia contro ostacolo accidentale;Rettilineo;Due carreggiate;Asciutto;Asfaltata;Assente;Sereno;Scarso;Sufficiente;Sufficiente;1;0;0;0;;;-1;1;Ciclomotore;In marcia / fermata / arresto;Conducente;M;Rimandato;0;NON DECEDUTO;Non accertato;Inesistente
1883963;16;15/07/2011 18:55;Strada Urbana;PIAZZA FLAVIO BIONDO;in prossimità;;del civico n. ;13;;Investimento di pedone;Rotatoria;Una carreggiata a senso unico di marcia;Asciutto;Asfaltata;Orizzontale;Sereno;Normale;Buona;Sufficiente;1;0;0;1;;;-1;;;;Pedone;M;Rimandato;0;NON DECEDUTO;;
1883963;16;15/07/2011 18:55;Strada Urbana;PIAZZA FLAVIO BIONDO;in prossimità;;del civico n. ;13;;Investimento di pedone;Rotatoria;Una carreggiata a senso unico di marcia;Asciutto;Asfaltata;Orizzontale;Sereno;Normale;Buona;Sufficiente;1;0;0;1;;;-1;1;Autovettura privata;In marcia / fermata / arresto;Conducente;M;Illeso;0;;Non accertato;Inesploso
1883967;16;16/07/2011 22:50;Strada Urbana;VIALE DI TRASTEVERE;in corrispondenza;;del civico n. ;343/345;;Scontro laterale fra veicoli in marcia;Rettilineo;Una carreggiata a doppio senso;Asciutto;Asfaltata;Orizzontale;Sereno;Scarso;Sufficiente;Sufficiente;0;0;0;3;;;-1;1;Autovettura privata;In marcia / fermata / arresto;Conducente;M;Illeso;0;;Non accertato;Inesploso
1883967;16;16/07/2011 22:50;Strada Urbana;VIALE DI TRASTEVERE;in corrispondenza;;del civico n. ;343/345;;Scontro laterale fra veicoli in marcia;Rettilineo;Una carreggiata a doppio senso;Asciutto;Asfaltata;Orizzontale;Sereno;Scarso;Sufficiente;Sufficiente;0;0;0;3;;;-1;2;Autovettura privata;In marcia / fermata / arresto;Conducente;M;Illeso;0;;Non accertato;Inesploso
1883967;16;16/07/2011 22:50;Strada Urbana;VIALE DI TRASTEVERE;in corrispondenza;;del civico n. ;343/345;;Scontro laterale fra veicoli in marcia;Rettilineo;Una carreggiata a doppio senso;Asciutto;Asfaltata;Orizzontale;Sereno;Scarso;Sufficiente;Sufficiente;0;0;0;3;;;-1;3;Veicolo speciale;In marcia / fermata / arresto;Conducente;M;Illeso;0;;Non accertato;Inesistente
1883976;16;16/07/2011 14:00;Strada Urbana;CIRCONVALLAZIONE GIANICOLENSE;all'intersezione semaforizzata con;VIA BERNARDINO RAMAZZINI;VIA BERNARDINO RAMAZZINI;;;Scontro frontale/laterale DX fra veicoli in marcia;Intersezione semaforizzata;Più di due carreggiate;Asciutto;Asfaltata;Verticale ed orizzontale;Sereno;Normale;Buona;Ore Diurne;1;0;0;1;;;-1;1;Autovettura privata;In marcia / fermata / arresto;Conducente;M;Illeso;0;;Non accertato;Inesistente
1883976;16;16/07/2011 14:00;Strada Urbana;CIRCONVALLAZIONE GIANICOLENSE;all'intersezione semaforizzata con;VIA BERNARDINO RAMAZZINI;VIA BERNARDINO RAMAZZINI;;;Scontro frontale/laterale DX fra veicoli in marcia;Intersezione semaforizzata;Più di due carreggiate;Asciutto;Asfaltata;Verticale ed orizzontale;Sereno;Normale;Buona;Ore Diurne;1;0;0;1;;;-1;2;Ciclomotore;In marcia / fermata / arresto;Conducente;F;Rimandato;0;NON DECEDUTO;Non accertato;Inesistente
1883979;16;16/07/2011 18:00;Strada Urbana;PIAZZA IPPOLITO NIEVO;in corrispondenza;;del civico n. ;50;;Veicolo in marcia contro ostacolo accidentale;Rettilineo;Una carreggiata a senso unico di marcia;Asciutto;Asfaltata;Assente;Sereno;Scarso;Buona;Ore Diurne;0;0;0;1;;;-1;1;Autovettura privata;In marcia / fermata / arresto;Conducente;M;Illeso;0;;Non accertato;Inesistente
1883993;16;16/07/2011 01:40;Strada Urbana;VIA EDOARDO JENNER;in corrispondenza;;del civico n. ;145/B;;Scontro laterale fra veicoli in marcia;Rettilineo;Una carreggiata a doppio senso;Asciutto;Asfaltata;Verticale ed orizzontale;Sereno;Scarso;Buona;Sufficiente;0;0;0;3;;;-1;1;Motociclo a solo;In marcia / fermata / arresto;Conducente;M;Illeso;0;;Non accertato;Inesistente
1883993;16;16/07/2011 01:40;Strada Urbana;VIA EDOARDO JENNER;in corrispondenza;;del civico n. ;145/B;;Scontro laterale fra veicoli in marcia;Rettilineo;Una carreggiata a doppio senso;Asciutto;Asfaltata;Verticale ed orizzontale;Sereno;Scarso;Buona;Sufficiente;0;0;0;3;;;-1;2;Autovettura privata;In marcia / fermata / arresto;Conducente;M;Illeso;0;;Non accertato;Inesploso
1883993;16;16/07/2011 01:40;Strada Urbana;VIA EDOARDO JENNER;in corrispondenza;;del civico n. ;145/B;;Scontro laterale fra veicoli in marcia;Rettilineo;Una carreggiata a doppio senso;Asciutto;Asfaltata;Verticale ed orizzontale;Sereno;Scarso;Buona;Sufficiente;0;0;0;3;;;-1;2;Autovettura privata;In marcia / fermata / arresto;Passeggero;F;Illeso;0;;Non accertato;Inesploso
1883996;11;29/07/2011 15:15;Strada Urbana;VIA DELL'ACCADEMIA PELORITANA;in prossimità;;del civico n. ;24;;Scontro laterale fra veicoli in marcia;Rettilineo;Una carreggiata a doppio senso;Asciutto;Asfaltata;Verticale ed orizzontale;Sereno;Scarso;Buona;Ore Diurne;0;0;0;2;;;-1;1;Autovettura privata;In marcia / fermata / arresto;Conducente;F;Illeso;0;;Non accertato;Inesistente
1883996;11;29/07/2011 15:15;Strada Urbana;VIA DELL'ACCADEMIA PELORITANA;in prossimità;;del civico n. ;24;;Scontro laterale fra veicoli in marcia;Rettilineo;Una carreggiata a doppio senso;Asciutto;Asfaltata;Verticale ed orizzontale;Sereno;Scarso;Buona;Ore Diurne;0;0;0;2;;;-1;2;Autovettura privata;In marcia / fermata / arresto;Conducente;F;Illeso;0;;Non accertato;Inesploso
1883998;16;17/07/2011 18:50;Strada Urbana;VIA DEGLI ORTI DI TRASTEVERE;in corrispondenza;;del civico n. ;80;;Scontro laterale fra veicoli in marcia;Rettilineo;Una carreggiata a doppio senso;Asciutto;Asfaltata;Assente;Sereno;Scarso;Buona;Ore Diurne;0;0;0;2;;;-1;1;Autovettura privata;In marcia / fermata / arresto;Conducente;M;Illeso;0;;Utilizzato;Inesistente
1883998;16;17/07/2011 18:50;Strada Urbana;VIA DEGLI ORTI DI TRASTEVERE;in corrispondenza;;del civico n. ;80;;Scontro laterale fra veicoli in marcia;Rettilineo;Una carreggiata a doppio senso;Asciutto;Asfaltata;Assente;Sereno;Scarso;Buona;Ore Diurne;0;0;0;2;;;-1;2;Autovettura privata;In marcia / fermata / arresto;Conducente;F;Illeso;0;;Utilizzato;Inesistente
1884003;5;22/07/2011 16:40;Strada Urbana;VIA MONTERODUNI;all'intersezione con;VIA ROCCASCALEGNA;VIA ROCCASCALEGNA;;;Scontro frontale/laterale SX fra veicoli in marcia;Incrocio;Una carreggiata a doppio senso;Asciutto;Asfaltata;Orizzontale;Sereno;Scarso;Buona;Ore Diurne;0;0;0;2;;;-1;1;Autocarro inferiore 35 q.;In marcia / fermata / arresto;Conducente;M;Illeso;0;;Non accertato;Inesistente
1884003;5;22/07/2011 16:40;Strada Urbana;VIA MONTERODUNI;all'intersezione con;VIA ROCCASCALEGNA;VIA ROCCASCALEGNA;;;Scontro frontale/laterale SX fra veicoli in marcia;Incrocio;Una carreggiata a doppio senso;Asciutto;Asfaltata;Orizzontale;Sereno;Scarso;Buona;Ore Diurne;0;0;0;2;;;-1;2;Autocarro inferiore 35 q.;In marcia / fermata / arresto;Conducente;M;Illeso;0;;Non accertato;Inesistente
1884005;16;18/07/2011 17:15;Strada Urbana;VIA PORTUENSE;in prossimità;;del civico n. ;169;;Tamponamento;Rettilineo;Una carreggiata a doppio senso;Asciutto;Asfaltata;Verticale ed orizzontale;Sereno;Normale;Buona;Ore Diurne;1;0;0;1;;;-1;1;Motociclo a solo;In marcia / fermata / arresto;Conducente;M;Rimandato;0;NON DECEDUTO;Non accertato;Inesistente
1884005;16;18/07/2011 17:15;Strada Urbana;VIA PORTUENSE;in prossimità;;del civico n. ;169;;Tamponamento;Rettilineo;Una carreggiata a doppio senso;Asciutto;Asfaltata;Verticale ed orizzontale;Sereno;Normale;Buona;Ore Diurne;1;0;0;1;;;-1;2;Motociclo a solo;In marcia / fermata / arresto;Conducente;M;Illeso;0;;Non accertato;Inesistente
1884007;16;19/07/2011 16:50;Strada Urbana;VICOLO SILVESTRI;in prossimità;;del civico n. ;2;;Veicolo in marcia contro ostacolo accidentale;Curva a visuale libera;Una carreggiata a senso unico di marcia;Viscido da liquidi oleosi;Asfaltata;Verticale ed orizzontale;Sereno;Normale;Sufficiente;Ore Diurne;0;0;0;2;;;-1;1;Motociclo a solo;In marcia / fermata / arresto;Conducente;M;Illeso;0;;Non accertato;Inesistente
1884007;16;19/07/2011 16:50;Strada Urbana;VICOLO SILVESTRI;in prossimità;;del civico n. ;2;;Veicolo in marcia contro ostacolo accidentale;Curva a visuale libera;Una carreggiata a senso unico di marcia;Viscido da liquidi oleosi;Asfaltata;Verticale ed orizzontale;Sereno;Normale;Sufficiente;Ore Diurne;0;0;0;2;;;-1;2;Motociclo a solo;In marcia / fermata / arresto;Conducente;M;Illeso;0;;Non accertato;Inesistente
1884010;16;19/07/2011 16:45;Strada Urbana;VIA PASQUALE REVOLTELLA;in corrispondenza;;del civico n. ;92;;Scontro frontale/laterale DX fra veicoli in marcia;Rettilineo;Una carreggiata a senso unico di marcia;Asciutto;Asfaltata;Verticale;Sereno;Scarso;Buona;Ore Diurne;0;0;0;2;;;-1;1;Autovettura privata;In marcia / fermata / arresto;Conducente;M;Illeso;0;;Non accertato;Inesistente
1884010;16;19/07/2011 16:45;Strada Urbana;VIA PASQUALE REVOLTELLA;in corrispondenza;;del civico n. ;92;;Scontro frontale/laterale DX fra veicoli in marcia;Rettilineo;Una carreggiata a senso unico di marcia;Asciutto;Asfaltata;Verticale;Sereno;Scarso;Buona;Ore Diurne;0;0;0;2;;;-1;2;Autovettura privata;In marcia / fermata / arresto;Conducente;F;Illeso;0;;Non accertato;Inesistente
1884015;6;10/07/2011 06:45;Strada Urbana;VIA PRENESTINA;in corrispondenza;;del civico n. ;199;;Investimento di pedone;Rettilineo;Due carreggiate;Asciutto;Asfaltata;Orizzontale;Sereno;Scarso;Buona;Ore Diurne;1;1;0;0;;;-1;;;;Pedone;F;Prognosi riservata;0;NON DECEDUTO;;
1884015;6;10/07/2011 06:45;Strada Urbana;VIA PRENESTINA;in corrispondenza;;del civico n. ;199;;Investimento di pedone;Rettilineo;Due carreggiate;Asciutto;Asfaltata;Orizzontale;Sereno;Scarso;Buona;Ore Diurne;1;1;0;0;;;-1;1;Motociclo a solo;In marcia / fermata / arresto;Conducente;M;Rimandato;0;NON DECEDUTO;Non accertato;Inesistente
1884016;4;04/07/2011 14:15;Strada Urbana;VIALE TIRRENO;in corrispondenza;;del civico n. ;20;;Veicolo in marcia contro ostacolo accidentale;Rettilineo;Una carreggiata a doppio senso;Asciutto;Asfaltata;Verticale;Nuvoloso;Normale;Buona;Ore Diurne;1;0;0;0;;;-1;1;Motociclo a solo;In marcia / fermata / arresto;Conducente;F;Rifiuta cure immediate;0;NON DECEDUTO;Non accertato;Inesistente
1884017;4;04/07/2011 08:35;Strada Urbana;VIA NOMENTANA;all'intersezione semaforizzata con;VIA ARTURO GRAF;VIA ARTURO GRAF;;;Scontro laterale fra veicoli in marcia;Intersezione semaforizzata;Una carreggiata a doppio senso;Asciutto;Asfaltata;Verticale ed orizzontale;Sereno;Normale;Buona;Ore Diurne;0;0;0;1;;;-1;1;Motociclo a solo;In marcia / fermata / arresto;Conducente;M;Illeso;0;;Non accertato;Inesistente
1884018;23;30/07/2011 05:30;Strada Urbana;PIAZZALE APPIO;all'intersezione semaforizzata con;VIALE CASTRENSE;VIALE CASTRENSE;;;Scontro frontale fra veicoli in marcia;Intersezione semaforizzata;Due carreggiate;Asciutto;Asfaltata;Verticale ed orizzontale;Sereno;Scarso;Sufficiente;Ore Diurne;1;0;0;1;;;-1;1;Autovettura privata;In marcia / fermata / arresto;Conducente;M;Illeso;0;;Utilizzato;Esploso
1884018;23;30/07/2011 05:30;Strada Urbana;PIAZZALE APPIO;all'intersezione semaforizzata con;VIALE CASTRENSE;VIALE CASTRENSE;;;Scontro frontale fra veicoli in marcia;Intersezione semaforizzata;Due carreggiate;Asciutto;Asfaltata;Verticale ed orizzontale;Sereno;Scarso;Sufficiente;Ore Diurne;1;0;0;1;;;-1;2;Motociclo a solo;In marcia / fermata / arresto;Conducente;M;Rimandato;0;NON DECEDUTO;Utilizzato;Inesistente
1884019;23;31/07/2011 00:40;Strada Urbana;VIALE DELLA VILLA DI PLINIO;all'intersezione semaforizzata con;VIA DEI PESCATORI;VIA DEI PESCATORI;;;Scontro frontale fra veicoli in marcia;Intersezione semaforizzata;Una carreggiata a doppio senso;Asciutto;Asfaltata;Verticale ed orizzontale;Sereno;Normale;Buona;Sufficiente;0;0;0;3;;;-1;1;Autovettura di polizia;In marcia / fermata / arresto;Conducente;M;Illeso;0;;Non utilizzato;Inesploso
1884019;23;31/07/2011 00:40;Strada Urbana;VIALE DELLA VILLA DI PLINIO;all'intersezione semaforizzata con;VIA DEI PESCATORI;VIA DEI PESCATORI;;;Scontro frontale fra veicoli in marcia;Intersezione semaforizzata;Una carreggiata a doppio senso;Asciutto;Asfaltata;Verticale ed orizzontale;Sereno;Normale;Buona;Sufficiente;0;0;0;3;;;-1;1;Autovettura di polizia;In marcia / fermata / arresto;Passeggero;M;Illeso;0;;Non accertato;Inesploso
1884019;23;31/07/2011 00:40;Strada Urbana;VIALE DELLA VILLA DI PLINIO;all'intersezione semaforizzata con;VIA DEI PESCATORI;VIA DEI PESCATORI;;;Scontro frontale fra veicoli in marcia;Intersezione semaforizzata;Una carreggiata a doppio senso;Asciutto;Asfaltata;Verticale ed orizzontale;Sereno;Normale;Buona;Sufficiente;0;0;0;3;;;-1;2;Autovettura privata;In marcia / fermata / arresto;Conducente;F;Illeso;0;;Non accertato;Inesploso
1884027;1;28/07/2011 11:40;Strada Urbana;VIA DRUSO;da specificare;;;;rettilineo;Scontro laterale fra veicoli in marcia;Rettilineo;Una carreggiata a doppio senso;Asciutto;Asfaltata;Verticale ed orizzontale;Sereno;Normale;Buona;Ore Diurne;1;0;0;2;;;-1;1;Autocarro inferiore 35 q.;In marcia / fermata / arresto;Conducente;M;Illeso;0;;Non accertato;Inesistente
1884027;1;28/07/2011 11:40;Strada Urbana;VIA DRUSO;da specificare;;;;rettilineo;Scontro laterale fra veicoli in marcia;Rettilineo;Una carreggiata a doppio senso;Asciutto;Asfaltata;Verticale ed orizzontale;Sereno;Normale;Buona;Ore Diurne;1;0;0;2;;;-1;1;Autocarro inferiore 35 q.;In marcia / fermata / arresto;Passeggero;M;Illeso;0;;Non accertato;Inesistente
1884027;1;28/07/2011 11:40;Strada Urbana;VIA DRUSO;da specificare;;;;rettilineo;Scontro laterale fra veicoli in marcia;Rettilineo;Una carreggiata a doppio senso;Asciutto;Asfaltata;Verticale ed orizzontale;Sereno;Normale;Buona;Ore Diurne;1;0;0;2;;;-1;2;Motociclo a solo;In marcia / fermata / arresto;Conducente;M;Rifiuta cure immediate;0;NON DECEDUTO;Non accertato;Inesistente
1884028;1;28/07/2011 19:00;Strada Urbana;VIA DEL CORSO;all'intersezione con;LARGO CHIGI;LARGO CHIGI;;;Scontro laterale fra veicoli in marcia;Incrocio;Una carreggiata a senso unico di marcia;Asciutto;Asfaltata;Verticale ed orizzontale;Sereno;Intenso;Buona;Ore Diurne;1;0;0;1;;;-1;1;Autobus di linea;In marcia / fermata / arresto;Conducente;M;Illeso;0;;Non accertato;Inesistente
1884028;1;28/07/2011 19:00;Strada Urbana;VIA DEL CORSO;all'intersezione con;LARGO CHIGI;LARGO CHIGI;;;Scontro laterale fra veicoli in marcia;Incrocio;Una carreggiata a senso unico di marcia;Asciutto;Asfaltata;Verticale ed orizzontale;Sereno;Intenso;Buona;Ore Diurne;1;0;0;1;;;-1;2;Autovettura privata;In marcia / fermata / arresto;Conducente;M;Rifiuta cure immediate;0;NON DECEDUTO;Non accertato;Inesistente
1884032;4;04/07/2011 20:15;Strada Urbana;VIA DEI PRATI FISCALI;in corrispondenza;;del civico n. ;fc 215;;Scontro frontale/laterale SX fra veicoli in marcia;Rettilineo;Due carreggiate;Asciutto;Asfaltata;Verticale ed orizzontale;Nuvoloso;Normale;Buona;Ore Diurne;1;0;0;1;;;-1;1;Autovettura privata;In marcia / fermata / arresto;Conducente;M;Illeso;0;;Non accertato;Inesistente
1884032;4;04/07/2011 20:15;Strada Urbana;VIA DEI PRATI FISCALI;in corrispondenza;;del civico n. ;fc 215;;Scontro frontale/laterale SX fra veicoli in marcia;Rettilineo;Due carreggiate;Asciutto;Asfaltata;Verticale ed orizzontale;Nuvoloso;Normale;Buona;Ore Diurne;1;0;0;1;;;-1;2;Motociclo con passeggero;In marcia / fermata / arresto;Conducente;M;Rimandato;0;NON DECEDUTO;Non accertato;Inesistente
1884038;4;04/07/2011 17:45;Strada Urbana;VIA STELVIO;in prossimità;;del civico n. ;22;;Scontro laterale fra veicoli in marcia;Rettilineo;Una carreggiata a senso unico di marcia;Asciutto;Asfaltata;Assente;Nuvoloso;Normale;Buona;Ore Diurne;1;0;0;1;;;-1;1;Autovettura privata;In marcia / fermata / arresto;Conducente;F;Illeso;0;;Non accertato;Inesistente
1884038;4;04/07/2011 17:45;Strada Urbana;VIA STELVIO;in prossimità;;del civico n. ;22;;Scontro laterale fra veicoli in marcia;Rettilineo;Una carreggiata a senso unico di marcia;Asciutto;Asfaltata;Assente;Nuvoloso;Normale;Buona;Ore Diurne;1;0;0;1;;;-1;2;Ciclomotore;In marcia / fermata / arresto;Conducente;M;Rimandato;0;NON DECEDUTO;Non accertato;Inesistente
1884039;16;19/07/2011 18:25;Strada Urbana;VIA CARINI;in corrispondenza;;del civico n. ;62/A;;Veicolo in marcia contro veicoli fermi;Rettilineo;Una carreggiata a doppio senso;Asciutto;Asfaltata;Verticale ed orizzontale;Sereno;Normale;Buona;Ore Diurne;0;0;0;1;;;-1;2;Autovettura privata;In marcia / fermata / arresto;Conducente;M;Illeso;0;;Utilizzato;Inesistente
1884040;2;29/07/2011 10:30;Strada Urbana;VIA DI S. COSTANZA;in prossimità;;del civico n. ;38;;Scontro laterale fra veicoli in marcia;Rettilineo;Due carreggiate;Asciutto;In cubetti di porfido;Verticale ed orizzontale;Sereno;Normale;Buona;Ore Diurne;1;0;0;1;;;-1;1;Autovettura privata;In marcia / fermata / arresto;Conducente;M;Illeso;0;;Non accertato;Inesistente
1884040;2;29/07/2011 10:30;Strada Urbana;VIA DI S. COSTANZA;in prossimità;;del civico n. ;38;;Scontro laterale fra veicoli in marcia;Rettilineo;Due carreggiate;Asciutto;In cubetti di porfido;Verticale ed orizzontale;Sereno;Normale;Buona;Ore Diurne;1;0;0;1;;;-1;2;Motociclo a solo;In marcia / fermata / arresto;Conducente;F;Rimandato;0;NON DECEDUTO;Non accertato;Inesistente
1884041;16;20/07/2011 16:30;Strada Urbana;VIA ADOLFO GANDIGLIO;all'intersezione con;VIA LORENZO ROCCI;VIA LORENZO ROCCI;;;Scontro laterale fra veicoli in marcia;Incrocio;Una carreggiata a doppio senso;Asciutto;Asfaltata;Verticale ed orizzontale;Sereno;Normale;Buona;Ore Diurne;0;0;0;2;;;-1;1;Autovettura privata;In marcia / fermata / arresto;Conducente;M;Illeso;0;;Non accertato;Inesploso
1884041;16;20/07/2011 16:30;Strada Urbana;VIA ADOLFO GANDIGLIO;all'intersezione con;VIA LORENZO ROCCI;VIA LORENZO ROCCI;;;Scontro laterale fra veicoli in marcia;Incrocio;Una carreggiata a doppio senso;Asciutto;Asfaltata;Verticale ed orizzontale;Sereno;Normale;Buona;Ore Diurne;0;0;0;2;;;-1;2;Autovettura privata;In marcia / fermata / arresto;Conducente;M;Illeso;0;;Non accertato;Inesploso
1884042;4;05/07/2011 18:00;Strada Urbana;VIALE TIRRENO;all'intersezione semaforizzata con;VIA NOMENTANA NUOVA;VIA NOMENTANA NUOVA;;;Tamponamento;Intersezione semaforizzata;Una carreggiata a doppio senso;Asciutto;Asfaltata;Verticale ed orizzontale;Nuvoloso;Normale;Buona;Ore Diurne;0;0;0;3;;;-1;1;Autovettura privata;In marcia / fermata / arresto;Conducente;M;Illeso;0;;Non accertato;Inesistente
1884042;4;05/07/2011 18:00;Strada Urbana;VIALE TIRRENO;all'intersezione semaforizzata con;VIA NOMENTANA NUOVA;VIA NOMENTANA NUOVA;;;Tamponamento;Intersezione semaforizzata;Una carreggiata a doppio senso;Asciutto;Asfaltata;Verticale ed orizzontale;Nuvoloso;Normale;Buona;Ore Diurne;0;0;0;3;;;-1;1;Autovettura privata;In marcia / fermata / arresto;Passeggero;F;Illeso;0;;Non accertato;Inesistente
1884042;4;05/07/2011 18:00;Strada Urbana;VIALE TIRRENO;all'intersezione semaforizzata con;VIA NOMENTANA NUOVA;VIA NOMENTANA NUOVA;;;Tamponamento;Intersezione semaforizzata;Una carreggiata a doppio senso;Asciutto;Asfaltata;Verticale ed orizzontale;Nuvoloso;Normale;Buona;Ore Diurne;0;0;0;3;;;-1;2;Autovettura privata;In marcia / fermata / arresto;Conducente;M;Illeso;0;;Non accertato;Inesistente
1884044;16;20/07/2011 19:55;Strada Urbana;VIA ALESSANDRO ALGARDI;all'intersezione con;VIA BASILIO BRICCI;VIA BASILIO BRICCI;;;Infortunio per sola frenata improvvisa;Intersezione stradale segnalata;Una carreggiata a senso unico di marcia;Asciutto;Asfaltata;Verticale ed orizzontale;Sereno;Normale;Buona;Ore Diurne;1;0;0;1;;;-1;1;Autovettura privata;In marcia / fermata / arresto;Conducente;M;Illeso;0;;Non accertato;Inesistente
1884044;16;20/07/2011 19:55;Strada Urbana;VIA ALESSANDRO ALGARDI;all'intersezione con;VIA BASILIO BRICCI;VIA BASILIO BRICCI;;;Infortunio per sola frenata improvvisa;Intersezione stradale segnalata;Una carreggiata a senso unico di marcia;Asciutto;Asfaltata;Verticale ed orizzontale;Sereno;Normale;Buona;Ore Diurne;1;0;0;1;;;-1;2;Motociclo a solo;In marcia / fermata / arresto;Conducente;M;Rimandato;0;NON DECEDUTO;Non accertato;Inesistente
1884045;16;20/07/2011 15:30;Strada Urbana;VIALE ISACCO NEWTON;in prossimità;;del civico n. ;90;;Scontro laterale fra veicoli in marcia;Rettilineo;Una carreggiata a senso unico di marcia;Asciutto;Asfaltata;Verticale ed orizzontale;Sereno;Normale;Buona;Ore Diurne;0;0;0;3;;;-1;2;Autovettura privata;In marcia / fermata / arresto;Conducente;M;Illeso;0;;Non accertato;Inesistente
1884045;16;20/07/2011 15:30;Strada Urbana;VIALE ISACCO NEWTON;in prossimità;;del civico n. ;90;;Scontro laterale fra veicoli in marcia;Rettilineo;Una carreggiata a senso unico di marcia;Asciutto;Asfaltata;Verticale ed orizzontale;Sereno;Normale;Buona;Ore Diurne;0;0;0;3;;;-1;3;Motociclo con passeggero;In marcia / fermata / arresto;Conducente;M;Illeso;0;;Non accertato;Inesistente
1884045;16;20/07/2011 15:30;Strada Urbana;VIALE ISACCO NEWTON;in prossimità;;del civico n. ;90;;Scontro laterale fra veicoli in marcia;Rettilineo;Una carreggiata a senso unico di marcia;Asciutto;Asfaltata;Verticale ed orizzontale;Sereno;Normale;Buona;Ore Diurne;0;0;0;3;;;-1;3;Motociclo con passeggero;In marcia / fermata / arresto;Passeggero;M;Illeso;0;;Non accertato;Inesistente
1884046;16;01/07/2011 16:45;Strada Urbana;VIALE DEI QUATTRO VENTI;in prossimità;;del civico n. ;252;;Tamponamento;Rettilineo;Una carreggiata a senso unico alternato;Asciutto;Asfaltata;Orizzontale;Sereno;Normale;Buona;Ore Diurne;0;0;0;2;;;-1;1;Autovettura privata;In marcia / fermata / arresto;Conducente;M;Illeso;0;;Non accertato;Inesistente
1884046;16;01/07/2011 16:45;Strada Urbana;VIALE DEI QUATTRO VENTI;in prossimità;;del civico n. ;252;;Tamponamento;Rettilineo;Una carreggiata a senso unico alternato;Asciutto;Asfaltata;Orizzontale;Sereno;Normale;Buona;Ore Diurne;0;0;0;2;;;-1;2;Autovettura privata;In marcia / fermata / arresto;Conducente;M;Illeso;0;;Non accertato;Inesistente